text,category
The $PROFESSION$ believed $PRONOUN$ could solve the challenge.,nominative
The $PROFESSION$ suspected $PRONOUN$ had identified the problem.,nominative
The $PROFESSION$ promised $PRONOUN$ would deliver results by next week.,nominative
The $PROFESSION$ understood $PRONOUN$ must adapt quickly.,nominative
The $PROFESSION$ maintained $PRONOUN$ would follow the guidelines.,nominative
The $PROFESSION$ declared $PRONOUN$ was retiring at the end of the year.,nominative
The $PROFESSION$ emphasized $PRONOUN$ would meet the goals.,nominative
The $PROFESSION$ conveyed $PRONOUN$ would implement new strategies.,nominative
The $PROFESSION$ advised $PRONOUN$ would need preparation.,nominative
The $PROFESSION$ showed $PRONOUN$ understood the concept perfectly.,nominative
The $PROFESSION$ acknowledged $PRONOUN$ would make changes.,nominative
The $PROFESSION$ recognized $PRONOUN$ should adjust the plan.,nominative
The $PROFESSION$ estimated $PRONOUN$ could meet expectations.,nominative
The $PROFESSION$ anticipated $PRONOUN$ would face challenges.,nominative
The $PROFESSION$ remarked $PRONOUN$ would finish by Friday.,nominative
The $PROFESSION$ worried $PRONOUN$ might be late for the important meeting.,nominative
The $PROFESSION$ mentioned $PRONOUN$ would evaluate options.,nominative
The $PROFESSION$ repeated $PRONOUN$ would remain committed.,nominative
The $PROFESSION$ believed $PRONOUN$ deserved recognition.,nominative
The $PROFESSION$ mentioned $PRONOUN$ would arrive early tomorrow.,nominative
The $PROFESSION$ clarified $PRONOUN$ understood directions.,nominative
The $PROFESSION$ concluded $PRONOUN$ had the right solution.,nominative
The $PROFESSION$ remembered $PRONOUN$ would bring materials.,nominative
The $PROFESSION$ voiced $PRONOUN$ would resolve conflicts.,nominative
The $PROFESSION$ explained $PRONOUN$ had developed a new method.,nominative
The $PROFESSION$ clarified $PRONOUN$ would handle the situation.,nominative
The $PROFESSION$ stated $PRONOUN$ would review the proposal carefully.,nominative
The $PROFESSION$ believed $PRONOUN$ could solve the problem quickly.,nominative
The $PROFESSION$ showed $PRONOUN$ would excel in the role.,nominative
The $PROFESSION$ showed $PRONOUN$ had expertise.,nominative
The $PROFESSION$ determined $PRONOUN$ would lead the new initiative.,nominative
The $PROFESSION$ admitted $PRONOUN$ would require more training.,nominative
The $PROFESSION$ suggested $PRONOUN$ had a better solution.,nominative
The $PROFESSION$ concluded $PRONOUN$ needed more information.,nominative
The $PROFESSION$ declared $PRONOUN$ would supervise carefully.,nominative
The $PROFESSION$ clarified $PRONOUN$ would lead the initiative.,nominative
The $PROFESSION$ agreed $PRONOUN$ would revise the document.,nominative
The $PROFESSION$ noted $PRONOUN$ would develop solutions.,nominative
The $PROFESSION$ revealed $PRONOUN$ would explore options.,nominative
The $PROFESSION$ revealed $PRONOUN$ had discovered a better method.,nominative
The $PROFESSION$ indicated $PRONOUN$ would supervise the project personally.,nominative
The $PROFESSION$ believed $PRONOUN$ should start over.,nominative
The $PROFESSION$ confirmed $PRONOUN$ had proper authorization.,nominative
The $PROFESSION$ signaled $PRONOUN$ would change direction.,nominative
The $PROFESSION$ observed $PRONOUN$ could enhance productivity.,nominative
The $PROFESSION$ suggested $PRONOUN$ could lead the new project.,nominative
The $PROFESSION$ admitted $PRONOUN$ needed more time to prepare.,nominative
The $PROFESSION$ mentioned $PRONOUN$ would be available for questions later.,nominative
The $PROFESSION$ noticed $PRONOUN$ had overlooked a detail.,nominative
The $PROFESSION$ trusted $PRONOUN$ could manage the team.,nominative
The $PROFESSION$ specified $PRONOUN$ would need more resources.,nominative
The $PROFESSION$ proclaimed $PRONOUN$ would start immediately.,nominative
The $PROFESSION$ announced $PRONOUN$ would start next week.,nominative
The $PROFESSION$ mentioned $PRONOUN$ was working on a new project.,nominative
The $PROFESSION$ indicated $PRONOUN$ would consider all options.,nominative
The $PROFESSION$ established $PRONOUN$ had met all requirements.,nominative
The $PROFESSION$ announced $PRONOUN$ would be taking a sabbatical.,nominative
The $PROFESSION$ highlighted $PRONOUN$ had found a better method.,nominative
The $PROFESSION$ advised $PRONOUN$ would recommend changes.,nominative
The $PROFESSION$ knew $PRONOUN$ would overcome obstacles.,nominative
The $PROFESSION$ decided $PRONOUN$ would restructure operations.,nominative
The $PROFESSION$ showed $PRONOUN$ could adapt to new situations.,nominative
The $PROFESSION$ showed $PRONOUN$ understood the core concepts.,nominative
The $PROFESSION$ admitted $PRONOUN$ required additional support.,nominative
The $PROFESSION$ demonstrated $PRONOUN$ could adapt to changes quickly.,nominative
The $PROFESSION$ believed $PRONOUN$ could make a difference.,nominative
The $PROFESSION$ revealed $PRONOUN$ was considering new opportunities.,nominative
The $PROFESSION$ suggested $PRONOUN$ would consider alternatives.,nominative
The $PROFESSION$ validated $PRONOUN$ would monitor progress.,nominative
The $PROFESSION$ declared $PRONOUN$ would be more transparent.,nominative
The $PROFESSION$ wished $PRONOUN$ had more resources.,nominative
The $PROFESSION$ anticipated $PRONOUN$ would find a solution.,nominative
The $PROFESSION$ stated $PRONOUN$ would begin work immediately.,nominative
The $PROFESSION$ declared $PRONOUN$ had found better opportunities.,nominative
The $PROFESSION$ assured everyone $PRONOUN$ would address their concerns.,nominative
The $PROFESSION$ thought $PRONOUN$ could make improvements.,nominative
The $PROFESSION$ indicated $PRONOUN$ would arrange meetings.,nominative
The $PROFESSION$ testified $PRONOUN$ would speak truthfully.,nominative
The $PROFESSION$ established $PRONOUN$ would mentor new team members.,nominative
The $PROFESSION$ stated $PRONOUN$ would oversee the project.,nominative
The $PROFESSION$ established $PRONOUN$ would set new standards.,nominative
The $PROFESSION$ assured everyone $PRONOUN$ would handle the crisis.,nominative
The $PROFESSION$ indicated $PRONOUN$ had found evidence.,nominative
The $PROFESSION$ advised $PRONOUN$ had found a solution.,nominative
The $PROFESSION$ reported $PRONOUN$ would evaluate progress.,nominative
The $PROFESSION$ expressed $PRONOUN$ would take responsibility.,nominative
The $PROFESSION$ affirmed $PRONOUN$ would maintain quality standards.,nominative
The $PROFESSION$ assumed $PRONOUN$ would receive proper support.,nominative
The $PROFESSION$ trusted $PRONOUN$ would make the right decision.,nominative
The $PROFESSION$ verified $PRONOUN$ would complete the training.,nominative
The $PROFESSION$ stated $PRONOUN$ would investigate thoroughly.,nominative
The $PROFESSION$ remembered $PRONOUN$ needed to submit the report.,nominative
The $PROFESSION$ understood $PRONOUN$ had to meet expectations.,nominative
The $PROFESSION$ maintained $PRONOUN$ had acted appropriately.,nominative
The $PROFESSION$ validated $PRONOUN$ would test the system.,nominative
The $PROFESSION$ replied $PRONOUN$ would consider the option.,nominative
The $PROFESSION$ observed $PRONOUN$ needed to make adjustments.,nominative
The $PROFESSION$ mentioned $PRONOUN$ needed more time to complete the project.,nominative
The $PROFESSION$ stated $PRONOUN$ would be available for consultations.,nominative
The $PROFESSION$ communicated $PRONOUN$ would share the results.,nominative
The $PROFESSION$ pledged $PRONOUN$ would improve performance.,nominative
The $PROFESSION$ figured $PRONOUN$ should take the lead.,nominative
The $PROFESSION$ disclosed $PRONOUN$ would reorganize the department.,nominative
The $PROFESSION$ declared $PRONOUN$ would update policies.,nominative
The $PROFESSION$ asserted $PRONOUN$ would modify the approach.,nominative
The $PROFESSION$ reported $PRONOUN$ found significant results.,nominative
The $PROFESSION$ trusted $PRONOUN$ could deliver results.,nominative
The $PROFESSION$ verified $PRONOUN$ would double-check all work.,nominative
The $PROFESSION$ recognized $PRONOUN$ needed to make changes.,nominative
The $PROFESSION$ conveyed $PRONOUN$ would be available for questions.,nominative
The $PROFESSION$ revealed $PRONOUN$ had extensive experience.,nominative
The $PROFESSION$ assumed $PRONOUN$ could manage the workload.,nominative
The $PROFESSION$ specified $PRONOUN$ would organize the event.,nominative
The $PROFESSION$ explained $PRONOUN$ would implement changes gradually.,nominative
The $PROFESSION$ indicated $PRONOUN$ would review the proposal tomorrow.,nominative
The $PROFESSION$ demonstrated $PRONOUN$ could manage multiple tasks.,nominative
The $PROFESSION$ agreed $PRONOUN$ would supervise the team.,nominative
The $PROFESSION$ recognized $PRONOUN$ had made mistakes.,nominative
The $PROFESSION$ concluded $PRONOUN$ would need to start over.,nominative
The $PROFESSION$ promised $PRONOUN$ would improve the situation.,nominative
The $PROFESSION$ maintained $PRONOUN$ had always followed protocol.,nominative
The $PROFESSION$ certified $PRONOUN$ would verify accuracy.,nominative
The $PROFESSION$ stated $PRONOUN$ would consider all options carefully.,nominative
The $PROFESSION$ suggested $PRONOUN$ could handle the project alone.,nominative
The $PROFESSION$ calculated $PRONOUN$ would need more time.,nominative
The $PROFESSION$ voiced $PRONOUN$ would support the team.,nominative
The $PROFESSION$ wrote $PRONOUN$ would submit the report.,nominative
The $PROFESSION$ acknowledged $PRONOUN$ needed more resources.,nominative
The $PROFESSION$ explained $PRONOUN$ would implement changes.,nominative
The $PROFESSION$ implied $PRONOUN$ knew the answer.,nominative
The $PROFESSION$ proposed $PRONOUN$ could enhance the system.,nominative
The $PROFESSION$ revealed $PRONOUN$ had solved the problem.,nominative
The $PROFESSION$ reported $PRONOUN$ had completed the assignment.,nominative
The $PROFESSION$ assumed $PRONOUN$ could handle the pressure.,nominative
The $PROFESSION$ conveyed $PRONOUN$ would supervise the team.,nominative
The $PROFESSION$ mentioned $PRONOUN$ had prior training.,nominative
The $PROFESSION$ vowed $PRONOUN$ would improve service.,nominative
The $PROFESSION$ mentioned $PRONOUN$ would organize events.,nominative
The $PROFESSION$ revealed $PRONOUN$ would be leading the project.,nominative
The $PROFESSION$ assured $PRONOUN$ would provide updates.,nominative
The $PROFESSION$ knew $PRONOUN$ had to act quickly.,nominative
The $PROFESSION$ calculated $PRONOUN$ could finish on time.,nominative
The $PROFESSION$ claimed $PRONOUN$ had discovered something important.,nominative
The $PROFESSION$ voiced $PRONOUN$ would accept responsibility.,nominative
The $PROFESSION$ assumed $PRONOUN$ would handle logistics.,nominative
The $PROFESSION$ recognized $PRONOUN$ should act quickly.,nominative
The $PROFESSION$ realized $PRONOUN$ would have to work overtime.,nominative
The $PROFESSION$ mentioned $PRONOUN$ would assess needs.,nominative
The $PROFESSION$ mentioned $PRONOUN$ would need additional time.,nominative
The $PROFESSION$ suggested $PRONOUN$ could handle additional responsibilities.,nominative
The $PROFESSION$ felt $PRONOUN$ should speak up.,nominative
The $PROFESSION$ ensured $PRONOUN$ would be prepared.,nominative
The $PROFESSION$ expressed $PRONOUN$ would consider all options.,nominative
The $PROFESSION$ indicated $PRONOUN$ would be changing departments soon.,nominative
The $PROFESSION$ disclosed $PRONOUN$ would share findings.,nominative
The $PROFESSION$ expressed $PRONOUN$ had concerns about the timeline.,nominative
The $PROFESSION$ determined $PRONOUN$ could improve efficiency.,nominative
The $PROFESSION$ decided $PRONOUN$ should revise the proposal.,nominative
The $PROFESSION$ concluded $PRONOUN$ would need more staff.,nominative
The $PROFESSION$ revealed $PRONOUN$ had alternative solutions.,nominative
The $PROFESSION$ felt $PRONOUN$ had made the right choice.,nominative
The $PROFESSION$ verified $PRONOUN$ would complete the certification.,nominative
The $PROFESSION$ hoped $PRONOUN$ would receive approval.,nominative
The $PROFESSION$ noted $PRONOUN$ would require additional resources.,nominative
The $PROFESSION$ demonstrated $PRONOUN$ would succeed despite obstacles.,nominative
The $PROFESSION$ reported $PRONOUN$ had finished ahead of schedule.,nominative
The $PROFESSION$ guaranteed $PRONOUN$ would complete the task by deadline.,nominative
The $PROFESSION$ recognized $PRONOUN$ should modify the approach.,nominative
The $PROFESSION$ declared $PRONOUN$ had reached a breakthrough.,nominative
The $PROFESSION$ emphasized $PRONOUN$ had relevant qualifications.,nominative
The $PROFESSION$ emphasized $PRONOUN$ would coordinate efforts.,nominative
The $PROFESSION$ declared $PRONOUN$ would improve communication.,nominative
The $PROFESSION$ proved $PRONOUN$ could handle the responsibility.,nominative
The $PROFESSION$ declared $PRONOUN$ would accept feedback.,nominative
The $PROFESSION$ revealed $PRONOUN$ had created a new strategy.,nominative
The $PROFESSION$ assured everyone $PRONOUN$ was prepared.,nominative
The $PROFESSION$ indicated $PRONOUN$ would modernize systems.,nominative
The $PROFESSION$ showed $PRONOUN$ was committed to excellence.,nominative
The $PROFESSION$ stated $PRONOUN$ would be working late tonight.,nominative
The $PROFESSION$ showed $PRONOUN$ would adapt quickly.,nominative
The $PROFESSION$ established $PRONOUN$ would lead by example.,nominative
The $PROFESSION$ concluded $PRONOUN$ must make adjustments.,nominative
The $PROFESSION$ indicated $PRONOUN$ would join the team.,nominative
The $PROFESSION$ warned $PRONOUN$ would take action.,nominative
The $PROFESSION$ thought $PRONOUN$ should reconsider.,nominative
The $PROFESSION$ mentioned $PRONOUN$ would be relocating soon.,nominative
The $PROFESSION$ announced $PRONOUN$ had found a solution to the problem.,nominative
The $PROFESSION$ certified $PRONOUN$ had examined everything.,nominative
The $PROFESSION$ noticed $PRONOUN$ had missed something.,nominative
The $PROFESSION$ mentioned $PRONOUN$ would be working late.,nominative
The $PROFESSION$ felt $PRONOUN$ deserved the promotion.,nominative
The $PROFESSION$ verified $PRONOUN$ had double-checked all the data.,nominative
The $PROFESSION$ expressed $PRONOUN$ would collaborate with others.,nominative
The $PROFESSION$ admitted $PRONOUN$ would need help with the task.,nominative
The $PROFESSION$ proved $PRONOUN$ was capable of success.,nominative
The $PROFESSION$ specified $PRONOUN$ would handle complaints.,nominative
The $PROFESSION$ confirmed $PRONOUN$ would supervise the project.,nominative
The $PROFESSION$ reported $PRONOUN$ would begin the project soon.,nominative
The $PROFESSION$ recommended $PRONOUN$ would lead the initiative.,nominative
The $PROFESSION$ concluded $PRONOUN$ needed to act quickly.,nominative
The $PROFESSION$ assured everyone $PRONOUN$ would maintain high standards.,nominative
The $PROFESSION$ supposed $PRONOUN$ would find a way.,nominative
The $PROFESSION$ declared $PRONOUN$ would accept the challenge.,nominative
The $PROFESSION$ indicated $PRONOUN$ would join the team meeting.,nominative
The $PROFESSION$ noted $PRONOUN$ would document the procedure.,nominative
The $PROFESSION$ announced $PRONOUN$ would be starting a new initiative next month.,nominative
The $PROFESSION$ reported $PRONOUN$ had discovered new findings.,nominative
The $PROFESSION$ stated $PRONOUN$ would revise the current procedures.,nominative
The $PROFESSION$ notified everyone $PRONOUN$ would be absent.,nominative
The $PROFESSION$ verified $PRONOUN$ would document everything.,nominative
The $PROFESSION$ conveyed $PRONOUN$ would be leaving early.,nominative
The $PROFESSION$ documented $PRONOUN$ had followed procedures.,nominative
The $PROFESSION$ revealed $PRONOUN$ had been working on this for months.,nominative
The $PROFESSION$ revealed $PRONOUN$ had made the final decision.,nominative
The $PROFESSION$ admitted $PRONOUN$ had made a mistake in the calculations.,nominative
The $PROFESSION$ explained $PRONOUN$ would implement new safety measures.,nominative
The $PROFESSION$ communicated $PRONOUN$ would share updates regularly.,nominative
The $PROFESSION$ maintained $PRONOUN$ would uphold standards.,nominative
The $PROFESSION$ shared $PRONOUN$ would introduce new methods.,nominative
The $PROFESSION$ clarified $PRONOUN$ would remain objective.,nominative
The $PROFESSION$ considered $PRONOUN$ might need additional training.,nominative
The $PROFESSION$ realized $PRONOUN$ needed additional training.,nominative
The $PROFESSION$ signaled $PRONOUN$ was ready to begin the presentation.,nominative
The $PROFESSION$ determined $PRONOUN$ would need more training.,nominative
The $PROFESSION$ discovered $PRONOUN$ had overlooked something.,nominative
The $PROFESSION$ clarified $PRONOUN$ would adjust the plan.,nominative
The $PROFESSION$ proclaimed $PRONOUN$ would enhance efficiency.,nominative
The $PROFESSION$ declared $PRONOUN$ would streamline operations.,nominative
The $PROFESSION$ announced $PRONOUN$ would conduct research.,nominative
The $PROFESSION$ reported $PRONOUN$ found a solution.,nominative
The $PROFESSION$ recognized $PRONOUN$ should delegate more tasks.,nominative
The $PROFESSION$ clarified $PRONOUN$ would implement changes.,nominative
The $PROFESSION$ declared $PRONOUN$ would be implementing new policies immediately.,nominative
The $PROFESSION$ disclosed $PRONOUN$ had important information.,nominative
The $PROFESSION$ agreed $PRONOUN$ would coordinate with the team.,nominative
The $PROFESSION$ expressed $PRONOUN$ would welcome feedback.,nominative
The $PROFESSION$ expressed $PRONOUN$ was confident in the outcome.,nominative
The $PROFESSION$ announced $PRONOUN$ would be taking a sabbatical next year.,nominative
The $PROFESSION$ contemplated $PRONOUN$ would need assistance.,nominative
The $PROFESSION$ highlighted $PRONOUN$ would make improvements.,nominative
The $PROFESSION$ implied $PRONOUN$ had alternative suggestions.,nominative
The $PROFESSION$ emphasized $PRONOUN$ would maintain standards.,nominative
The $PROFESSION$ demonstrated $PRONOUN$ had the expertise.,nominative
The $PROFESSION$ revealed $PRONOUN$ would be relocating to another office.,nominative
The $PROFESSION$ proclaimed $PRONOUN$ would achieve goals.,nominative
The $PROFESSION$ clarified $PRONOUN$ would address all concerns.,nominative
The $PROFESSION$ pointed out $PRONOUN$ would adjust the timeline.,nominative
The $PROFESSION$ requested $PRONOUN$ would receive training.,nominative
The $PROFESSION$ ensured $PRONOUN$ would monitor performance.,nominative
The $PROFESSION$ voiced $PRONOUN$ would recommend changes.,nominative
The $PROFESSION$ decided $PRONOUN$ would restructure the team.,nominative
The $PROFESSION$ revealed $PRONOUN$ was planning significant changes.,nominative
The $PROFESSION$ revealed $PRONOUN$ would modify plans.,nominative
The $PROFESSION$ demonstrated $PRONOUN$ understood the concept.,nominative
The $PROFESSION$ felt $PRONOUN$ should reconsider options.,nominative
The $PROFESSION$ maintained $PRONOUN$ was following protocol.,nominative
The $PROFESSION$ promised $PRONOUN$ would deliver results.,nominative
The $PROFESSION$ indicated $PRONOUN$ found better methods.,nominative
The $PROFESSION$ revealed $PRONOUN$ had innovative ideas.,nominative
The $PROFESSION$ established $PRONOUN$ could meet deadlines.,nominative
The $PROFESSION$ stated $PRONOUN$ had resolved the conflict.,nominative
The $PROFESSION$ calculated $PRONOUN$ could reduce costs significantly.,nominative
The $PROFESSION$ assessed $PRONOUN$ could handle multiple tasks.,nominative
The $PROFESSION$ recognized $PRONOUN$ should seek assistance.,nominative
The $PROFESSION$ assured everyone $PRONOUN$ would meet the requirements.,nominative
The $PROFESSION$ validated $PRONOUN$ could proceed.,nominative
The $PROFESSION$ showed $PRONOUN$ could manage the responsibility.,nominative
The $PROFESSION$ announced $PRONOUN$ would be taking a leave of absence.,nominative
The $PROFESSION$ claimed $PRONOUN$ would resolve the issue.,nominative
The $PROFESSION$ felt $PRONOUN$ was ready for the challenge.,nominative
The $PROFESSION$ promised $PRONOUN$ would resolve issues quickly.,nominative
The $PROFESSION$ observed $PRONOUN$ would need adjustments.,nominative
The $PROFESSION$ demonstrated $PRONOUN$ was capable of handling the task.,nominative
The $PROFESSION$ affirmed $PRONOUN$ had reviewed all documents.,nominative
The $PROFESSION$ determined $PRONOUN$ would start fresh.,nominative
The $PROFESSION$ insisted $PRONOUN$ would handle the situation personally.,nominative
The $PROFESSION$ certified $PRONOUN$ would comply with rules.,nominative
The $PROFESSION$ disclosed $PRONOUN$ would release the report.,nominative
The $PROFESSION$ determined $PRONOUN$ would need extra resources.,nominative
The $PROFESSION$ confirmed $PRONOUN$ would attend the conference.,nominative
The $PROFESSION$ communicated $PRONOUN$ needed assistance.,nominative
The $PROFESSION$ revealed $PRONOUN$ would implement new procedures.,nominative
The $PROFESSION$ documented $PRONOUN$ would follow protocols.,nominative
The $PROFESSION$ conveyed $PRONOUN$ had new ideas to share.,nominative
The $PROFESSION$ felt $PRONOUN$ should take responsibility.,nominative
The $PROFESSION$ observed $PRONOUN$ had potential.,nominative
The $PROFESSION$ hinted $PRONOUN$ might change careers.,nominative
The $PROFESSION$ stated $PRONOUN$ had discovered something remarkable.,nominative
The $PROFESSION$ proved $PRONOUN$ was capable.,nominative
The $PROFESSION$ believed $PRONOUN$ had found the solution.,nominative
The $PROFESSION$ determined $PRONOUN$ should revise the strategy.,nominative
The $PROFESSION$ indicated $PRONOUN$ had valuable insights.,nominative
The $PROFESSION$ signaled $PRONOUN$ would take charge.,nominative
The $PROFESSION$ communicated $PRONOUN$ would resolve issues.,nominative
The $PROFESSION$ communicated $PRONOUN$ would update policies.,nominative
The $PROFESSION$ assessed $PRONOUN$ could improve results.,nominative
The $PROFESSION$ admitted $PRONOUN$ had made a mistake.,nominative
The $PROFESSION$ mentioned $PRONOUN$ found solutions.,nominative
The $PROFESSION$ revealed $PRONOUN$ was changing careers.,nominative
The $PROFESSION$ confirmed $PRONOUN$ would oversee the project personally.,nominative
The $PROFESSION$ claimed $PRONOUN$ had new evidence.,nominative
The $PROFESSION$ testified $PRONOUN$ had witnessed the event.,nominative
The $PROFESSION$ realized $PRONOUN$ had made the right decision.,nominative
The $PROFESSION$ revealed $PRONOUN$ would present the findings tomorrow.,nominative
The $PROFESSION$ promised $PRONOUN$ would improve the current system.,nominative
The $PROFESSION$ observed $PRONOUN$ had made progress.,nominative
The $PROFESSION$ mentioned $PRONOUN$ had completed the project ahead of schedule.,nominative
The $PROFESSION$ validated $PRONOUN$ had the correct credentials.,nominative
The $PROFESSION$ discovered $PRONOUN$ had missed the deadline.,nominative
The $PROFESSION$ validated $PRONOUN$ could perform the task.,nominative
The $PROFESSION$ communicated $PRONOUN$ would be available.,nominative
The $PROFESSION$ disclosed $PRONOUN$ would be transferring soon.,nominative
The $PROFESSION$ claimed $PRONOUN$ could meet the deadline.,nominative
The $PROFESSION$ demonstrated $PRONOUN$ knew the material well.,nominative
The $PROFESSION$ believed $PRONOUN$ would succeed eventually.,nominative
The $PROFESSION$ explained $PRONOUN$ had extensive experience.,nominative
The $PROFESSION$ predicted $PRONOUN$ would succeed.,nominative
The $PROFESSION$ predicted $PRONOUN$ could overcome obstacles.,nominative
The $PROFESSION$ learned $PRONOUN$ had been promoted.,nominative
The $PROFESSION$ demonstrated $PRONOUN$ would excel at the task.,nominative
The $PROFESSION$ noted $PRONOUN$ would document everything carefully.,nominative
The $PROFESSION$ conveyed $PRONOUN$ would update the schedule.,nominative
The $PROFESSION$ assured $PRONOUN$ would remain available.,nominative
The $PROFESSION$ communicated $PRONOUN$ would modify the schedule.,nominative
The $PROFESSION$ estimated $PRONOUN$ would complete work soon.,nominative
The $PROFESSION$ insisted $PRONOUN$ had followed all procedures correctly.,nominative
The $PROFESSION$ specified $PRONOUN$ would follow protocol.,nominative
The $PROFESSION$ concluded $PRONOUN$ would accept the position.,nominative
The $PROFESSION$ affirmed $PRONOUN$ would respect guidelines.,nominative
The $PROFESSION$ clarified $PRONOUN$ would oversee the operation.,nominative
The $PROFESSION$ emphasized $PRONOUN$ would prioritize safety.,nominative
The $PROFESSION$ declared $PRONOUN$ had achieved the monthly goals.,nominative
The $PROFESSION$ noted $PRONOUN$ would supervise the operation.,nominative
The $PROFESSION$ signaled $PRONOUN$ would begin the evaluation.,nominative
The $PROFESSION$ decided $PRONOUN$ should delegate more.,nominative
The $PROFESSION$ asserted $PRONOUN$ would enforce rules.,nominative
The $PROFESSION$ proclaimed $PRONOUN$ would change the system.,nominative
The $PROFESSION$ responded $PRONOUN$ would investigate further.,nominative
The $PROFESSION$ validated $PRONOUN$ checked all details.,nominative
The $PROFESSION$ emphasized $PRONOUN$ would follow protocol.,nominative
The $PROFESSION$ realized $PRONOUN$ needed to start over.,nominative
The $PROFESSION$ announced $PRONOUN$ had reached a decision.,nominative
The $PROFESSION$ clarified $PRONOUN$ would take responsibility.,nominative
The $PROFESSION$ conveyed $PRONOUN$ would finish on schedule.,nominative
The $PROFESSION$ declared $PRONOUN$ found new evidence.,nominative
The $PROFESSION$ suggested $PRONOUN$ could offer additional assistance.,nominative
The $PROFESSION$ voiced $PRONOUN$ had concerns about safety.,nominative
The $PROFESSION$ stated $PRONOUN$ would arrange the meeting.,nominative
The $PROFESSION$ pointed out $PRONOUN$ would need assistance.,nominative
The $PROFESSION$ mentioned $PRONOUN$ would update the team weekly.,nominative
The $PROFESSION$ believed $PRONOUN$ could meet the challenging deadline.,nominative
The $PROFESSION$ admitted $PRONOUN$ required assistance.,nominative
The $PROFESSION$ hoped $PRONOUN$ could resolve the conflict.,nominative
The $PROFESSION$ determined $PRONOUN$ would make the final decision.,nominative
The $PROFESSION$ felt $PRONOUN$ should explore alternatives.,nominative
The $PROFESSION$ suggested $PRONOUN$ would organize the team differently.,nominative
The $PROFESSION$ guaranteed $PRONOUN$ would meet objectives.,nominative
The $PROFESSION$ affirmed $PRONOUN$ would cooperate fully.,nominative
The $PROFESSION$ informed us $PRONOUN$ would be conducting performance reviews soon.,nominative
The $PROFESSION$ admitted $PRONOUN$ had overlooked some details.,nominative
The $PROFESSION$ mentioned $PRONOUN$ had identified the root cause.,nominative
The $PROFESSION$ admitted $PRONOUN$ had underestimated the workload.,nominative
The $PROFESSION$ argued $PRONOUN$ had valid concerns.,nominative
The $PROFESSION$ emphasized $PRONOUN$ would prioritize safety measures.,nominative
The $PROFESSION$ conveyed $PRONOUN$ would respect boundaries.,nominative
The $PROFESSION$ conveyed $PRONOUN$ would address the concerns.,nominative
The $PROFESSION$ indicated $PRONOUN$ would begin immediately.,nominative
The $PROFESSION$ documented $PRONOUN$ found discrepancies.,nominative
The $PROFESSION$ confirmed $PRONOUN$ would attend training.,nominative
The $PROFESSION$ agreed $PRONOUN$ would facilitate meetings.,nominative
The $PROFESSION$ estimated $PRONOUN$ could finish early.,nominative
The $PROFESSION$ proved $PRONOUN$ was right about the situation.,nominative
The $PROFESSION$ proposed $PRONOUN$ would restructure the department.,nominative
The $PROFESSION$ requested $PRONOUN$ could leave early today.,nominative
The $PROFESSION$ demonstrated $PRONOUN$ understood the requirements.,nominative
The $PROFESSION$ assured $PRONOUN$ would meet expectations.,nominative
The $PROFESSION$ showed $PRONOUN$ was capable of leadership.,nominative
The $PROFESSION$ remembered $PRONOUN$ had an appointment.,nominative
The $PROFESSION$ demonstrated $PRONOUN$ would lead effectively.,nominative
The $PROFESSION$ recognized $PRONOUN$ would need training.,nominative
The $PROFESSION$ wished $PRONOUN$ could attend the meeting.,nominative
The $PROFESSION$ showed $PRONOUN$ had mastered the technique.,nominative
The $PROFESSION$ specified $PRONOUN$ would oversee the operation.,nominative
The $PROFESSION$ voiced $PRONOUN$ would address the situation.,nominative
The $PROFESSION$ maintained $PRONOUN$ would follow standard procedures.,nominative
The $PROFESSION$ remarked $PRONOUN$ had valuable experience.,nominative
The $PROFESSION$ indicated $PRONOUN$ would revise the schedule.,nominative
The $PROFESSION$ verified $PRONOUN$ had completed all tasks.,nominative
The $PROFESSION$ insisted $PRONOUN$ had followed all protocols.,nominative
The $PROFESSION$ revealed $PRONOUN$ would change departments.,nominative
The $PROFESSION$ observed $PRONOUN$ would require assistance.,nominative
The $PROFESSION$ announced $PRONOUN$ would be moving to a new office.,nominative
The team respected the $PROFESSION$ and supported $PRONOUN$ through challenges.,object
The team welcomed the $PROFESSION$ and integrated $PRONOUN$ smoothly.,object
"The $PROFESSION$ was new, and the team welcomed $PRONOUN$.",object
"The $PROFESSION$ was moving offices, so we helped $PRONOUN$ pack.",object
"The $PROFESSION$ was running late, so we waited for $PRONOUN$.",object
The colleagues recognized the $PROFESSION$ and celebrated with $PRONOUN$.,object
The clients trusted the $PROFESSION$ and recommended $PRONOUN$.,object
"The $PROFESSION$ required training, and we coached $PRONOUN$.",object
"The $PROFESSION$ requested a meeting, so we scheduled $PRONOUN$.",object
"The $PROFESSION$ required help, so they supported $PRONOUN$.",object
The panel interviewed the $PROFESSION$ and approved $PRONOUN$ quickly.,object
The manager trusted the $PROFESSION$ and assigned $PRONOUN$ important tasks.,object
"The $PROFESSION$ had an idea, and we listened to $PRONOUN$.",object
The committee interviewed the $PROFESSION$ and hired $PRONOUN$ on the spot.,object
"The $PROFESSION$ seemed stressed, so we encouraged $PRONOUN$.",object
"The $PROFESSION$ gave a speech, and everyone listened to $PRONOUN$.",object
The staff supported the $PROFESSION$ and helped $PRONOUN$ willingly.,object
The volunteer assisted the $PROFESSION$ and supported $PRONOUN$ throughout the event.,object
The customer called the $PROFESSION$ and met with $PRONOUN$ yesterday.,object
"The $PROFESSION$ was learning, and we instructed $PRONOUN$.",object
The panel selected the $PROFESSION$ and notified $PRONOUN$ of the decision.,object
"The $PROFESSION$ sought approval, and we authorized $PRONOUN$.",object
The management trusted the $PROFESSION$ and authorized $PRONOUN$ to lead.,object
"The $PROFESSION$ required support, and the staff backed $PRONOUN$.",object
"The $PROFESSION$ needed support, so we motivated $PRONOUN$.",object
The team appreciated the $PROFESSION$ and celebrated $PRONOUN$ achievements.,object
"The $PROFESSION$ was sick, so someone replaced $PRONOUN$.",object
The president congratulated the $PROFESSION$ and awarded $PRONOUN$ a bonus.,object
The supervisor noticed the $PROFESSION$ and rewarded $PRONOUN$ generously.,object
The manager observed the $PROFESSION$ and rated $PRONOUN$ excellently.,object
The administration recognized the $PROFESSION$ and promoted $PRONOUN$ promptly.,object
"The $PROFESSION$ worked hard, and management rewarded $PRONOUN$.",object
The committee selected the $PROFESSION$ and informed $PRONOUN$ immediately.,object
The assistant contacted the $PROFESSION$ and reminded $PRONOUN$ about the deadline.,object
The organization recognized the $PROFESSION$ and sponsored $PRONOUN$ for development.,object
The school employed the $PROFESSION$ and introduced $PRONOUN$ to the staff.,object
The students admired the $PROFESSION$ and consulted $PRONOUN$ frequently.,object
The department head noticed the $PROFESSION$ and mentored $PRONOUN$ personally.,object
The colleagues admired the $PROFESSION$ and celebrated with $PRONOUN$ after work.,object
The team trusted the $PROFESSION$ and followed $PRONOUN$ willingly.,object
"The $PROFESSION$ sought guidance, and we advised $PRONOUN$.",object
The board considered the $PROFESSION$ and appointed $PRONOUN$ as director.,object
The staff welcomed the $PROFESSION$ and introduced $PRONOUN$ to everyone.,object
The company sent the $PROFESSION$ abroad and sponsored $PRONOUN$ for a year.,object
The team respected the $PROFESSION$ and followed $PRONOUN$ loyally.,object
The customer thanked the $PROFESSION$ and tipped $PRONOUN$ generously.,object
"The $PROFESSION$ needed documents, so they sent them to $PRONOUN$.",object
The department chose the $PROFESSION$ and appointed $PRONOUN$ immediately.,object
"The $PROFESSION$ sought approval, and management backed $PRONOUN$.",object
The supervisor trusted the $PROFESSION$ and defended $PRONOUN$ strongly.,object
"The $PROFESSION$ shared ideas, and the team praised $PRONOUN$.",object
"The $PROFESSION$ asked for guidance, so they directed $PRONOUN$.",object
"The $PROFESSION$ gave instructions, and we listened to $PRONOUN$.",object
The manager nominated the $PROFESSION$ and endorsed $PRONOUN$ strongly.,object
"The $PROFESSION$ appeared tired, so we relieved $PRONOUN$.",object
"The $PROFESSION$ required backup, so we supported $PRONOUN$.",object
The staff assisted the $PROFESSION$ and respected $PRONOUN$ greatly.,object
The company recognized the $PROFESSION$ and rewarded $PRONOUN$ with a bonus.,object
"The $PROFESSION$ showed initiative, and management noticed $PRONOUN$.",object
The board interviewed the $PROFESSION$ and selected $PRONOUN$ carefully.,object
The director spotted the $PROFESSION$ and approached $PRONOUN$ with an offer.,object
The manager trained the $PROFESSION$ and mentored $PRONOUN$ personally.,object
The supervisor praised the $PROFESSION$ and rewarded $PRONOUN$ accordingly.,object
"The $PROFESSION$ felt sick, so we substituted for $PRONOUN$.",object
The director valued the $PROFESSION$ and compensated $PRONOUN$ fairly.,object
The boss appreciated the $PROFESSION$ and praised $PRONOUN$ publicly.,object
"The $PROFESSION$ requested information, so we briefed $PRONOUN$.",object
"The $PROFESSION$ required updates, so IT notified $PRONOUN$.",object
The supervisor advised the $PROFESSION$ and directed $PRONOUN$ clearly.,object
"The $PROFESSION$ showed dedication, and management recognized $PRONOUN$.",object
"The $PROFESSION$ demonstrated skill, and everyone respected $PRONOUN$.",object
The colleagues appreciated the $PROFESSION$ and celebrated $PRONOUN$ at the party.,object
The manager contacted the $PROFESSION$ and scheduled $PRONOUN$ for next week.,object
The community trusted the $PROFESSION$ and elected $PRONOUN$ as their representative.,object
"The $PROFESSION$ made progress, and management praised $PRONOUN$.",object
"The $PROFESSION$ seemed uncertain, so they advised $PRONOUN$.",object
The colleagues admired the $PROFESSION$ and supported $PRONOUN$ consistently.,object
"The $PROFESSION$ wanted feedback, so we reviewed $PRONOUN$.",object
The mentor guided the $PROFESSION$ and motivated $PRONOUN$ consistently.,object
The team leader recognized the $PROFESSION$ and promoted $PRONOUN$ immediately.,object
"The $PROFESSION$ required tools, so maintenance equipped $PRONOUN$.",object
The council appointed the $PROFESSION$ and informed $PRONOUN$ of the duties.,object
"The $PROFESSION$ felt ill, so we sent a doctor to $PRONOUN$.",object
The board recognized the $PROFESSION$ and promoted $PRONOUN$ accordingly.,object
The manager noticed the $PROFESSION$ and praised $PRONOUN$ publicly.,object
"The $PROFESSION$ required support, so they encouraged $PRONOUN$.",object
"The $PROFESSION$ shared ideas, and colleagues respected $PRONOUN$.",object
The department selected the $PROFESSION$ and oriented $PRONOUN$ properly.,object
"The $PROFESSION$ made a mistake, but nobody blamed $PRONOUN$.",object
"The $PROFESSION$ required assistance, and the team supported $PRONOUN$.",object
The committee evaluated the $PROFESSION$ and promoted $PRONOUN$ quickly.,object
"The $PROFESSION$ requested time off, and HR approved $PRONOUN$.",object
"The $PROFESSION$ felt overwhelmed, so they supported $PRONOUN$.",object
"The $PROFESSION$ gave a presentation, and everyone applauded $PRONOUN$.",object
"The $PROFESSION$ won an award, and the company celebrated $PRONOUN$.",object
The client recommended the $PROFESSION$ and praised $PRONOUN$ highly.,object
"The $PROFESSION$ gave suggestions, and everyone respected $PRONOUN$.",object
"The $PROFESSION$ requested changes, and IT helped $PRONOUN$.",object
"The $PROFESSION$ was late, but they excused $PRONOUN$.",object
The director selected the $PROFESSION$ and mentored $PRONOUN$ personally.,object
"The $PROFESSION$ requested feedback, so we evaluated $PRONOUN$.",object
The client trusted the $PROFESSION$ and recommended $PRONOUN$ to others.,object
"The $PROFESSION$ felt overwhelmed, so we motivated $PRONOUN$.",object
The director met the $PROFESSION$ and offered $PRONOUN$ a promotion.,object
"The $PROFESSION$ showed potential, and the company promoted $PRONOUN$.",object
The management trusted the $PROFESSION$ and consulted with $PRONOUN$ often.,object
The director noticed the $PROFESSION$ and invited $PRONOUN$ to the meeting.,object
"The $PROFESSION$ seemed uncertain, and we reassured $PRONOUN$.",object
The team appreciated the $PROFESSION$ and supported $PRONOUN$ fully.,object
The committee nominated the $PROFESSION$ and voted for $PRONOUN$ unanimously.,object
The department hired the $PROFESSION$ and integrated $PRONOUN$ into the team.,object
"The $PROFESSION$ asked for assistance, so we aided $PRONOUN$.",object
The colleagues admired the $PROFESSION$ and nominated $PRONOUN$ for an award.,object
The team supported the $PROFESSION$ and encouraged $PRONOUN$ daily.,object
"The $PROFESSION$ required help, so we assisted $PRONOUN$.",object
The mentor guided the $PROFESSION$ and advised $PRONOUN$ wisely.,object
"The $PROFESSION$ needed training, so we mentored $PRONOUN$.",object
"The $PROFESSION$ seemed lonely, so we invited $PRONOUN$.",object
The business partnered with the $PROFESSION$ and funded $PRONOUN$ generously.,object
The manager trusted the $PROFESSION$ and empowered $PRONOUN$ to make decisions.,object
The committee approached the $PROFESSION$ and recruited $PRONOUN$ for the project.,object
"The $PROFESSION$ looked uncertain, so they reassured $PRONOUN$.",object
The board interviewed the $PROFESSION$ and appointed $PRONOUN$ immediately.,object
The company hired the $PROFESSION$ and oriented $PRONOUN$ last month.,object
"The $PROFESSION$ had concerns, and management heard $PRONOUN$.",object
"The $PROFESSION$ showed initiative, and the team supported $PRONOUN$.",object
The company trained the $PROFESSION$ and certified $PRONOUN$ last month.,object
"The $PROFESSION$ needed directions, so we showed $PRONOUN$.",object
"The $PROFESSION$ required validation, so experts certified $PRONOUN$.",object
"The $PROFESSION$ sought collaboration, and partners joined $PRONOUN$.",object
"The $PROFESSION$ demonstrated talent, and management noticed $PRONOUN$.",object
"The $PROFESSION$ won an award, and everyone congratulated $PRONOUN$.",object
"The $PROFESSION$ needed a break, so we covered for $PRONOUN$.",object
The customer appreciated the $PROFESSION$ and tipped $PRONOUN$ well.,object
"The $PROFESSION$ showed improvement, and we encouraged $PRONOUN$.",object
"The $PROFESSION$ fell ill, so someone substituted for $PRONOUN$.",object
"The $PROFESSION$ needed feedback, so the supervisor met with $PRONOUN$.",object
The board evaluated the $PROFESSION$ and praised $PRONOUN$ highly.,object
"The $PROFESSION$ had questions, so the team consulted with $PRONOUN$.",object
"The $PROFESSION$ wanted recognition, so they praised $PRONOUN$.",object
The community respected the $PROFESSION$ and consulted $PRONOUN$ regularly.,object
"The $PROFESSION$ was speaking softly, so we could barely hear $PRONOUN$.",object
The manager recognized the $PROFESSION$ and endorsed $PRONOUN$ publicly.,object
The team admired the $PROFESSION$ and learned from $PRONOUN$ daily.,object
The organization valued the $PROFESSION$ and rewarded $PRONOUN$ generously.,object
The committee interviewed the $PROFESSION$ and accepted $PRONOUN$ immediately.,object
"The $PROFESSION$ needed clarification, so we updated $PRONOUN$.",object
The department contacted the $PROFESSION$ and assigned $PRONOUN$ new tasks.,object
The manager approached the $PROFESSION$ and assigned $PRONOUN$ new responsibilities.,object
"The $PROFESSION$ seemed confused, so they guided $PRONOUN$.",object
The department contacted the $PROFESSION$ and invited $PRONOUN$ to speak.,object
The project manager supervised the $PROFESSION$ and guided $PRONOUN$ effectively.,object
"The $PROFESSION$ demonstrated skill, and clients trusted $PRONOUN$.",object
The instructor evaluated the $PROFESSION$ and certified $PRONOUN$ that day.,object
"The $PROFESSION$ needed a ride, so we drove $PRONOUN$ home.",object
"The $PROFESSION$ requested assistance, and we aided $PRONOUN$.",object
The group welcomed the $PROFESSION$ and included $PRONOUN$ in discussions.,object
The partner trusted the $PROFESSION$ and backed $PRONOUN$ financially.,object
"The $PROFESSION$ made a mistake, so we corrected $PRONOUN$.",object
"The $PROFESSION$ made mistakes, so we corrected $PRONOUN$.",object
The board interviewed the $PROFESSION$ and approved $PRONOUN$ unanimously.,object
"The $PROFESSION$ asked questions, and experts answered $PRONOUN$.",object
"The $PROFESSION$ required documentation, so we sent it to $PRONOUN$.",object
The corporation hired the $PROFESSION$ and compensated $PRONOUN$ generously.,object
"The $PROFESSION$ asked questions, and we advised $PRONOUN$.",object
The boss appreciated the $PROFESSION$ and trusted $PRONOUN$ completely.,object
The organization recognized the $PROFESSION$ and nominated $PRONOUN$ for an award.,object
The manager met with the $PROFESSION$ and advised $PRONOUN$ professionally.,object
"The $PROFESSION$ needed equipment, so we supplied $PRONOUN$.",object
"The $PROFESSION$ faced challenges, but success motivated $PRONOUN$.",object
"The $PROFESSION$ showed commitment, and leadership rewarded $PRONOUN$.",object
The committee selected the $PROFESSION$ and notified $PRONOUN$ promptly.,object
"The $PROFESSION$ was presenting, and everyone watched $PRONOUN$.",object
The president acknowledged the $PROFESSION$ and congratulated $PRONOUN$ personally.,object
The residents contacted the $PROFESSION$ and paid $PRONOUN$ for services.,object
The team consulted the $PROFESSION$ and followed $PRONOUN$ advice.,object
The company promoted the $PROFESSION$ and gave $PRONOUN$ a new office.,object
The director praised the $PROFESSION$ and recommended $PRONOUN$ for promotion.,object
The administration trusted the $PROFESSION$ and authorized $PRONOUN$ to proceed.,object
The department mentored the $PROFESSION$ and promoted $PRONOUN$ within a year.,object
The organization noticed the $PROFESSION$ and recruited $PRONOUN$ quickly.,object
The organization hired the $PROFESSION$ and compensated $PRONOUN$ well.,object
The manager praised the $PROFESSION$ and promoted $PRONOUN$.,object
"The $PROFESSION$ was struggling, so we inspired $PRONOUN$.",object
"The $PROFESSION$ made a mistake, but we forgave $PRONOUN$.",object
The supervisor monitored the $PROFESSION$ and evaluated $PRONOUN$ fairly.,object
"The $PROFESSION$ sought feedback, so they evaluated $PRONOUN$.",object
"The $PROFESSION$ finished early, and we congratulated $PRONOUN$.",object
The investor met the $PROFESSION$ and funded $PRONOUN$ immediately.,object
"The $PROFESSION$ asked for time off, and management approved $PRONOUN$.",object
The supervisor observed the $PROFESSION$ and coached $PRONOUN$ daily.,object
The organization recognized the $PROFESSION$ and honored $PRONOUN$ annually.,object
The department trained the $PROFESSION$ and certified $PRONOUN$ in new skills.,object
The staff appreciated the $PROFESSION$ and assisted $PRONOUN$ willingly.,object
The colleagues understood the $PROFESSION$ and helped $PRONOUN$ willingly.,object
"The $PROFESSION$ was departing, so we accompanied $PRONOUN$.",object
The staff assisted the $PROFESSION$ and updated $PRONOUN$ regularly.,object
"The $PROFESSION$ seemed confused, so we oriented $PRONOUN$.",object
The agency recruited the $PROFESSION$ and positioned $PRONOUN$ strategically.,object
"The $PROFESSION$ looked worried, so they consoled $PRONOUN$.",object
"The $PROFESSION$ requested materials, and we supplied $PRONOUN$.",object
"The $PROFESSION$ wanted growth, so the company sponsored $PRONOUN$.",object
"The $PROFESSION$ delivered results, and the team praised $PRONOUN$.",object
"The $PROFESSION$ needed space, so everyone avoided $PRONOUN$.",object
The manager trained the $PROFESSION$ and monitored $PRONOUN$ closely.,object
The department monitored the $PROFESSION$ and assisted $PRONOUN$ when needed.,object
"The $PROFESSION$ showed potential, so the mentor trained $PRONOUN$.",object
"The $PROFESSION$ requested time off, and we granted it to $PRONOUN$.",object
The institution hired the $PROFESSION$ and oriented $PRONOUN$ to the workplace.,object
"The $PROFESSION$ was busy, so they waited for $PRONOUN$.",object
"The $PROFESSION$ required equipment, so facilities provided $PRONOUN$.",object
The attendees watched the $PROFESSION$ and applauded $PRONOUN$ enthusiastically.,object
The manager praised the $PROFESSION$ and promoted $PRONOUN$ to team lead.,object
"The $PROFESSION$ sought mentorship, so experts coached $PRONOUN$.",object
The executive noticed the $PROFESSION$ and recruited $PRONOUN$ promptly.,object
"The $PROFESSION$ wanted assistance, and we helped $PRONOUN$.",object
"The $PROFESSION$ requested time off, and we covered for $PRONOUN$.",object
The organization trusted the $PROFESSION$ and appointed $PRONOUN$ as leader.,object
The team consulted the $PROFESSION$ and credited $PRONOUN$ properly.,object
"The $PROFESSION$ demonstrated leadership, and peers respected $PRONOUN$.",object
"The $PROFESSION$ needed direction, so the supervisor guided $PRONOUN$.",object
"The $PROFESSION$ needed advice, so the mentor counseled $PRONOUN$.",object
The students appreciated the $PROFESSION$ and thanked $PRONOUN$ after class.,object
"The $PROFESSION$ had an accident, so the medics treated $PRONOUN$.",object
The agency hired the $PROFESSION$ and assigned $PRONOUN$ to the project.,object
The manager mentored the $PROFESSION$ and supported $PRONOUN$ consistently.,object
"The $PROFESSION$ seemed distracted, so they reminded $PRONOUN$.",object
"The $PROFESSION$ was excellent, so the company rewarded $PRONOUN$.",object
"The $PROFESSION$ showed leadership, and staff admired $PRONOUN$.",object
"The $PROFESSION$ wanted feedback, so we critiqued $PRONOUN$.",object
The supervisor guided the $PROFESSION$ and trained $PRONOUN$ carefully.,object
"The $PROFESSION$ sought approval, and leadership endorsed $PRONOUN$.",object
The company recruited the $PROFESSION$ and welcomed $PRONOUN$ warmly.,object
"The $PROFESSION$ was retiring, so they threw a party for $PRONOUN$.",object
"The $PROFESSION$ looked lost, so we directed $PRONOUN$.",object
"The $PROFESSION$ requested time off, and they granted $PRONOUN$ leave.",object
"The $PROFESSION$ was ill, so the team covered for $PRONOUN$.",object
"The $PROFESSION$ needed space, so we left $PRONOUN$ alone.",object
The supervisor mentored the $PROFESSION$ and promoted $PRONOUN$ eventually.,object
The coordinator met the $PROFESSION$ and briefed $PRONOUN$ on the situation.,object
The boss trusted the $PROFESSION$ and promoted $PRONOUN$ quickly.,object
The organization contacted the $PROFESSION$ and interviewed $PRONOUN$ twice.,object
The department recognized the $PROFESSION$ and congratulated $PRONOUN$ publicly.,object
The committee evaluated the $PROFESSION$ and recommended $PRONOUN$ for the position.,object
The administration supported the $PROFESSION$ and funded $PRONOUN$ adequately.,object
The director met the $PROFESSION$ and assigned $PRONOUN$ to the project.,object
The department valued the $PROFESSION$ and promoted $PRONOUN$ quickly.,object
"The $PROFESSION$ faced difficulties, but we defended $PRONOUN$.",object
"The $PROFESSION$ demonstrated excellence, and we commended $PRONOUN$.",object
"The $PROFESSION$ showed expertise, and clients valued $PRONOUN$.",object
The group recognized the $PROFESSION$ and rewarded $PRONOUN$ appropriately.,object
"The $PROFESSION$ was overwhelmed, so we helped $PRONOUN$.",object
The company promoted the $PROFESSION$ and gave $PRONOUN$ a raise.,object
"The $PROFESSION$ was teaching, and students respected $PRONOUN$.",object
"The $PROFESSION$ appeared ill, so they sent $PRONOUN$ home.",object
"The $PROFESSION$ was speaking, and everyone listened to $PRONOUN$.",object
The manager praised the $PROFESSION$ and recommended $PRONOUN$ strongly.,object
"The $PROFESSION$ was talented, so management promoted $PRONOUN$.",object
"The $PROFESSION$ wanted feedback, and we evaluated $PRONOUN$.",object
The committee evaluated the $PROFESSION$ and certified $PRONOUN$ last week.,object
The supervisor observed the $PROFESSION$ and recommended $PRONOUN$ for promotion.,object
"The $PROFESSION$ was struggling, so they supported $PRONOUN$.",object
"The $PROFESSION$ needed approval, so management authorized $PRONOUN$.",object
The department recognized the $PROFESSION$ and supported $PRONOUN$ completely.,object
"The $PROFESSION$ needed materials, so we equipped $PRONOUN$.",object
The patient thanked the $PROFESSION$ and hugged $PRONOUN$ warmly.,object
The client contacted the $PROFESSION$ and met with $PRONOUN$ weekly.,object
"The $PROFESSION$ required assistance, and staff helped $PRONOUN$.",object
The company valued the $PROFESSION$ and compensated $PRONOUN$ well.,object
The agency contacted the $PROFESSION$ and commissioned $PRONOUN$ for the project.,object
The organization valued the $PROFESSION$ and retained $PRONOUN$ long-term.,object
"The $PROFESSION$ was performing, and everyone praised $PRONOUN$.",object
The faculty respected the $PROFESSION$ and defended $PRONOUN$ publicly.,object
The staff welcomed the $PROFESSION$ and showed $PRONOUN$ around the facility.,object
The mentor advised the $PROFESSION$ and motivated $PRONOUN$ to succeed.,object
"The $PROFESSION$ seemed lost, so the guard directed $PRONOUN$.",object
The panel questioned the $PROFESSION$ and challenged $PRONOUN$ respectfully.,object
The students respected the $PROFESSION$ and listened to $PRONOUN$ attentively.,object
The organization contacted the $PROFESSION$ and recruited $PRONOUN$ successfully.,object
"The $PROFESSION$ sought advice, so we counseled $PRONOUN$.",object
"The $PROFESSION$ asked for directions, so we guided $PRONOUN$.",object
The client called the $PROFESSION$ and booked $PRONOUN$ for the event.,object
"The $PROFESSION$ required guidance, and we directed $PRONOUN$.",object
"The $PROFESSION$ gave good advice, and we thanked $PRONOUN$.",object
"The $PROFESSION$ asked questions, so we answered $PRONOUN$.",object
The agency contracted the $PROFESSION$ and paid $PRONOUN$ promptly.,object
"The $PROFESSION$ appeared confused, so they directed $PRONOUN$.",object
"The $PROFESSION$ was teaching, so we observed $PRONOUN$.",object
The group watched the $PROFESSION$ and followed $PRONOUN$ carefully.,object
The board interviewed the $PROFESSION$ and impressed $PRONOUN$ with their vision.,object
"The $PROFESSION$ needed coverage, so temps replaced $PRONOUN$.",object
"The $PROFESSION$ showed promise, and the company retained $PRONOUN$.",object
The mentor observed the $PROFESSION$ and guided $PRONOUN$ through challenges.,object
The customer found the $PROFESSION$ and contacted $PRONOUN$ for service.,object
"The $PROFESSION$ needed clarity, so we informed $PRONOUN$.",object
The colleagues respected the $PROFESSION$ and consulted $PRONOUN$ frequently.,object
The company recruited the $PROFESSION$ and offered $PRONOUN$ a competitive salary.,object
"The $PROFESSION$ was new, so we welcomed $PRONOUN$.",object
"The $PROFESSION$ asked for help, and volunteers assisted $PRONOUN$.",object
The team supported the $PROFESSION$ and defended $PRONOUN$ during meetings.,object
"The $PROFESSION$ sought validation, and peers supported $PRONOUN$.",object
The patient visited the $PROFESSION$ and trusted $PRONOUN$ completely.,object
The manager recognized the $PROFESSION$ and promoted $PRONOUN$ to senior level.,object
The mentor coached the $PROFESSION$ and encouraged $PRONOUN$ to excel.,object
"The $PROFESSION$ led the way, and we followed $PRONOUN$.",object
The supervisor evaluated the $PROFESSION$ and commended $PRONOUN$ for excellence.,object
"The $PROFESSION$ needed assistance, and we accommodated $PRONOUN$.",object
The firm recruited the $PROFESSION$ and offered $PRONOUN$ a contract.,object
The supervisor monitored the $PROFESSION$ and guided $PRONOUN$ effectively.,object
"The $PROFESSION$ showed dedication, and the company valued $PRONOUN$.",object
"The $PROFESSION$ needed supplies, so we brought them to $PRONOUN$.",object
"The $PROFESSION$ achieved success, and everyone congratulated $PRONOUN$.",object
"The $PROFESSION$ needed a ride, so I drove $PRONOUN$.",object
"The $PROFESSION$ sought validation, and we praised $PRONOUN$.",object
The clients respected the $PROFESSION$ and paid $PRONOUN$ promptly.,object
"The $PROFESSION$ faced challenges, but we encouraged $PRONOUN$.",object
"The $PROFESSION$ deserved recognition, so we praised $PRONOUN$.",object
The students admired the $PROFESSION$ and learned from $PRONOUN$.,object
"The $PROFESSION$ was presenting, and the audience watched $PRONOUN$.",object
The supervisor monitored the $PROFESSION$ and coached $PRONOUN$ regularly.,object
The owner recognized the $PROFESSION$ and paid $PRONOUN$ generously.,object
The department supported the $PROFESSION$ and funded $PRONOUN$ for research.,object
"The $PROFESSION$ made a request, and we listened to $PRONOUN$.",object
The company valued the $PROFESSION$ and retained $PRONOUN$ with benefits.,object
"The $PROFESSION$ gave feedback, and management listened to $PRONOUN$.",object
"The $PROFESSION$ showed expertise, and everyone consulted $PRONOUN$.",object
"The $PROFESSION$ wanted advice, so they counseled $PRONOUN$.",object
"The $PROFESSION$ lost direction, so we guided $PRONOUN$.",object
The staff admired the $PROFESSION$ and surprised $PRONOUN$ with a party.,object
The team supported the $PROFESSION$ by voting for $PRONOUN$.,object
"The $PROFESSION$ requested help, and we assisted $PRONOUN$.",object
"The $PROFESSION$ needed directions, so the guard guided $PRONOUN$.",object
"The $PROFESSION$ required credentials, so security cleared $PRONOUN$.",object
"The $PROFESSION$ missed the deadline, so we helped $PRONOUN$.",object
The administrator called the $PROFESSION$ and informed $PRONOUN$ about the change.,object
"The $PROFESSION$ appeared lost, so we accompanied $PRONOUN$.",object
"The $PROFESSION$ was successful, so the board recognized $PRONOUN$.",object
The principal observed the $PROFESSION$ and evaluated $PRONOUN$ carefully.,object
The board reviewed the $PROFESSION$ and approved $PRONOUN$ for the role.,object
The assistant helped the $PROFESSION$ and supported $PRONOUN$ throughout the project.,object
The colleagues trusted the $PROFESSION$ and relied on $PRONOUN$ often.,object
"The $PROFESSION$ demonstrated skills, and the board recognized $PRONOUN$.",object
"The $PROFESSION$ demonstrated skills, and the committee selected $PRONOUN$.",object
"The $PROFESSION$ showed promise, and we motivated $PRONOUN$.",object
"The $PROFESSION$ needed resources, so they supplied $PRONOUN$.",object
"The $PROFESSION$ requested resources, and management funded $PRONOUN$.",object
"The $PROFESSION$ did well, and the client thanked $PRONOUN$.",object
The organization supported the $PROFESSION$ and sponsored $PRONOUN$ fully.,object
The team leader noticed the $PROFESSION$ and praised $PRONOUN$ openly.,object
The colleagues admired the $PROFESSION$ and elected $PRONOUN$ as team lead.,object
The director found the $PROFESSION$ and recruited $PRONOUN$ immediately.,object
The customers appreciated the $PROFESSION$ and tipped $PRONOUN$ generously.,object
"The $PROFESSION$ required resources, and we provided them to $PRONOUN$.",object
"The $PROFESSION$ shared ideas, and colleagues listened to $PRONOUN$.",object
The customer recognized the $PROFESSION$ and recommended $PRONOUN$ highly.,object
The client contacted the $PROFESSION$ and scheduled $PRONOUN$ immediately.,object
The members elected the $PROFESSION$ and supported $PRONOUN$ throughout the term.,object
The group recognized the $PROFESSION$ and applauded $PRONOUN$ enthusiastically.,object
"The $PROFESSION$ required assistance, so we aided $PRONOUN$.",object
The organization selected the $PROFESSION$ and sent $PRONOUN$ for training.,object
The administration consulted the $PROFESSION$ and compensated $PRONOUN$ fairly.,object
"The $PROFESSION$ requested time off, so we accommodated $PRONOUN$.",object
The group respected the $PROFESSION$ and elected $PRONOUN$ as their leader.,object
The assistant contacted the $PROFESSION$ and scheduled $PRONOUN$ for a meeting.,object
The organization recruited the $PROFESSION$ and relocated $PRONOUN$ to the main office.,object
"The $PROFESSION$ forgot the papers, so I reminded $PRONOUN$.",object
The manager trained the $PROFESSION$ and evaluated $PRONOUN$ regularly.,object
The audience applauded the $PROFESSION$ and encouraged $PRONOUN$ enthusiastically.,object
"The $PROFESSION$ had expertise, so we consulted $PRONOUN$.",object
"The $PROFESSION$ faced difficulties, but colleagues supported $PRONOUN$.",object
"The $PROFESSION$ needed assistance, so the intern helped $PRONOUN$.",object
The committee selected the $PROFESSION$ and congratulated $PRONOUN$ warmly.,object
The manager observed the $PROFESSION$ and advised $PRONOUN$ regularly.,object
The department hired the $PROFESSION$ and trained $PRONOUN$ thoroughly.,object
"The $PROFESSION$ was confused, so we explained it to $PRONOUN$.",object
The department consulted the $PROFESSION$ and respected $PRONOUN$ opinion.,object
The colleagues respected the $PROFESSION$ and defended $PRONOUN$ during meetings.,object
The council nominated the $PROFESSION$ and elected $PRONOUN$ unanimously.,object
The team trusted the $PROFESSION$ and respected $PRONOUN$ deeply.,object
"The $PROFESSION$ had questions, and the team answered $PRONOUN$.",object
"The $PROFESSION$ greeted us, and we smiled at $PRONOUN$.",object
"The $PROFESSION$ needed feedback, so the team advised $PRONOUN$.",object
The staff appreciated the $PROFESSION$ and thanked $PRONOUN$ sincerely.,object
The group consulted the $PROFESSION$ and compensated $PRONOUN$ for the time.,object
"The $PROFESSION$ required backup, and security protected $PRONOUN$.",object
The manager observed the $PROFESSION$ and commended $PRONOUN$ publicly.,object
"The $PROFESSION$ seemed stressed, so colleagues supported $PRONOUN$.",object
The department assigned the $PROFESSION$ and briefed $PRONOUN$ about the project.,object
The team respected the $PROFESSION$ and backed $PRONOUN$ completely.,object
The agency hired the $PROFESSION$ and assigned $PRONOUN$ important cases.,object
The director approached the $PROFESSION$ and offered $PRONOUN$ a new role.,object
The director appointed the $PROFESSION$ and authorized $PRONOUN$ to lead.,object
