run_id,run_name,_runtime,_step,_timestamp,_wandb,no_interventions/acc,no_interventions/acc_flipped,no_interventions/loss,no_interventions/loss_flipped,test/acc,test/acc_flipped,test/loss,test/loss_flipped,train/accuracy,train/learning_rate,train/loss,val/acc,val/loss,lr,seed,epochs,acc_steps,batch_size,warmup_ratio,wb_run_group,per_device_batch_size,id,tags,name,displayName,sweepName,state,group,jobType,commit,readOnly,createdAt,heartbeatAt,description,notes,historyLineCount,config.lr,config.seed,config.epochs,config.acc_steps,config.batch_size,config.warmup_ratio,config.wb_run_group,config.per_device_batch_size,systemMetrics.system.cpu,systemMetrics.system.gpu.0.gpu,systemMetrics.system.gpu.0.temp,systemMetrics.system.gpu.0.memory,systemMetrics.system.network.recv,systemMetrics.system.network.sent,systemMetrics.system.gpu.0.smClock,systemMetrics.system.disk./.usageGB,systemMetrics.system.memory_percent,systemMetrics.system.gpu.0.powerWatts,systemMetrics.system.proc.cpu.threads,systemMetrics.system.gpu.0.memoryClock,systemMetrics.system.proc.memory.rssMB,systemMetrics.system.gpu.0.powerPercent,systemMetrics.system.disk./.usagePercent,systemMetrics.system.proc.memory.percent,systemMetrics.system.gpu.0.memoryAllocated,systemMetrics.system.proc.memory.availableMB,systemMetrics.system.gpu.0.memoryAllocatedBytes,systemMetrics.system.gpu.0.correctedMemoryErrors,systemMetrics.system.gpu.0.enforcedPowerLimitWatts,systemMetrics.system.gpu.0.uncorrectedMemoryErrors,summaryMetrics._runtime,summaryMetrics._step,summaryMetrics._timestamp,summaryMetrics._wandb.runtime,summaryMetrics.no_interventions/acc,summaryMetrics.no_interventions/acc_flipped,summaryMetrics.no_interventions/loss,summaryMetrics.no_interventions/loss_flipped,summaryMetrics.test/acc,summaryMetrics.test/acc_flipped,summaryMetrics.test/loss,summaryMetrics.test/loss_flipped,summaryMetrics.train/accuracy,summaryMetrics.train/learning_rate,summaryMetrics.train/loss,summaryMetrics.val/acc,summaryMetrics.val/loss,user.name,user.username,historyKeys.keys._runtime.typeCounts,historyKeys.keys._runtime.monotonic,historyKeys.keys._runtime.previousValue,historyKeys.keys._step.typeCounts,historyKeys.keys._step.monotonic,historyKeys.keys._step.previousValue,historyKeys.keys._timestamp.typeCounts,historyKeys.keys._timestamp.monotonic,historyKeys.keys._timestamp.previousValue,historyKeys.keys.no_interventions/acc.typeCounts,historyKeys.keys.no_interventions/acc.monotonic,historyKeys.keys.no_interventions/acc.previousValue,historyKeys.keys.no_interventions/acc_flipped.typeCounts,historyKeys.keys.no_interventions/acc_flipped.monotonic,historyKeys.keys.no_interventions/acc_flipped.previousValue,historyKeys.keys.no_interventions/loss.typeCounts,historyKeys.keys.no_interventions/loss.monotonic,historyKeys.keys.no_interventions/loss.previousValue,historyKeys.keys.no_interventions/loss_flipped.typeCounts,historyKeys.keys.no_interventions/loss_flipped.monotonic,historyKeys.keys.no_interventions/loss_flipped.previousValue,historyKeys.keys.system/cpu.typeCounts,historyKeys.keys.system/disk./.usageGB.typeCounts,historyKeys.keys.system/disk./.usagePercent.typeCounts,historyKeys.keys.system/gpu.0.correctedMemoryErrors.typeCounts,historyKeys.keys.system/gpu.0.enforcedPowerLimitWatts.typeCounts,historyKeys.keys.system/gpu.0.gpu.typeCounts,historyKeys.keys.system/gpu.0.memory.typeCounts,historyKeys.keys.system/gpu.0.memoryAllocated.typeCounts,historyKeys.keys.system/gpu.0.memoryAllocatedBytes.typeCounts,historyKeys.keys.system/gpu.0.memoryClock.typeCounts,historyKeys.keys.system/gpu.0.powerPercent.typeCounts,historyKeys.keys.system/gpu.0.powerWatts.typeCounts,historyKeys.keys.system/gpu.0.smClock.typeCounts,historyKeys.keys.system/gpu.0.temp.typeCounts,historyKeys.keys.system/gpu.0.uncorrectedMemoryErrors.typeCounts,historyKeys.keys.system/memory_percent.typeCounts,historyKeys.keys.system/network.recv.typeCounts,historyKeys.keys.system/network.sent.typeCounts,historyKeys.keys.system/proc.cpu.threads.typeCounts,historyKeys.keys.system/proc.memory.availableMB.typeCounts,historyKeys.keys.system/proc.memory.percent.typeCounts,historyKeys.keys.system/proc.memory.rssMB.typeCounts,historyKeys.keys.test/acc.typeCounts,historyKeys.keys.test/acc.previousValue,historyKeys.keys.test/acc_flipped.typeCounts,historyKeys.keys.test/acc_flipped.previousValue,historyKeys.keys.test/loss.typeCounts,historyKeys.keys.test/loss.previousValue,historyKeys.keys.test/loss_flipped.typeCounts,historyKeys.keys.test/loss_flipped.previousValue,historyKeys.keys.train/accuracy.typeCounts,historyKeys.keys.train/accuracy.previousValue,historyKeys.keys.train/learning_rate.typeCounts,historyKeys.keys.train/learning_rate.previousValue,historyKeys.keys.train/loss.typeCounts,historyKeys.keys.train/loss.previousValue,historyKeys.keys.val/acc.typeCounts,historyKeys.keys.val/acc.monotonic,historyKeys.keys.val/acc.previousValue,historyKeys.keys.val/loss.typeCounts,historyKeys.keys.val/loss.previousValue,historyKeys.lastStep,historyKeys.sets,rawconfig._wandb.m,rawconfig._wandb.t.1,rawconfig._wandb.t.2,rawconfig._wandb.t.3,rawconfig._wandb.t.4,rawconfig._wandb.t.5,rawconfig._wandb.t.6,rawconfig._wandb.t.8,rawconfig._wandb.t.12,rawconfig._wandb.t.13,rawconfig._wandb.cli_version,rawconfig._wandb.python_version,rawconfig.lr,rawconfig.seed,rawconfig.epochs,rawconfig.acc_steps,rawconfig.batch_size,rawconfig.warmup_ratio,rawconfig.wb_run_group,rawconfig.per_device_batch_size
j2p9vlei,gender_s0_intervention,64.811494308,200,1746810613.1531808,{'runtime': 64},0.57833331823349,0.42166668176651,2.265625,2.515625,0.03791666775941849,0.962083339691162,6.0,0.1591796875,1,5e-08,0.00080108642578125,1.0,0.00115203857421875,5e-06,0,5,1,16,0.5,gender,16,UnVuOnYxOmoycDl2bGVpOmdlbmRlcjpzdGVlcmluZy1maW5ldHVuaW5n,[],j2p9vlei,gender_s0_intervention,,finished,,,6776a67f15c230b6797b058a20fefb4f05f56d78,False,2025-05-09T17:09:08Z,2025-05-09T17:10:13Z,gender_s0_intervention,,201,5e-06,0,5,1,16,0.5,gender,16,2.0157743355256112,56,41,15,764930,798617.0,1410,32.567569732666016,2.612898073852972,94.897,293,1593,2102.44921875,23.72425,32.567569732666016,0.10186345739768372,35.07911682128906,1993465.30078125,30132731904,0,400,0,64.811494308,200,1746810613.1531808,64,0.57833331823349,0.42166668176651,2.265625,2.515625,0.03791666775941849,0.962083339691162,6.0,0.1591796875,1,5e-08,0.00080108642578125,1.0,0.00115203857421875,Caden,caden-juang,"[{'type': 'number', 'count': 201}]",True,64.811494308,"[{'type': 'number', 'count': 201}]",True,200,"[{'type': 'number', 'count': 201}]",True,1746810613.1531808,"[{'type': 'number', 'count': 1}]",True,0.57833331823349,"[{'type': 'number', 'count': 1}]",True,0.42166668176651,"[{'type': 'number', 'count': 1}]",True,2.265625,"[{'type': 'number', 'count': 1}]",True,2.515625,"[{'type': 'number', 'count': 8}]","[{'type': 'number', 'count': 8}]","[{'type': 'number', 'count': 8}]","[{'type': 'number', 'count': 8}]","[{'type': 'number', 'count': 8}]","[{'type': 'number', 'count': 8}]","[{'type': 'number', 'count': 8}]","[{'type': 'number', 'count': 8}]","[{'type': 'number', 'count': 8}]","[{'type': 'number', 'count': 8}]","[{'type': 'number', 'count': 8}]","[{'type': 'number', 'count': 8}]","[{'type': 'number', 'count': 8}]","[{'type': 'number', 'count': 8}]","[{'type': 'number', 'count': 8}]","[{'type': 'number', 'count': 8}]","[{'type': 'number', 'count': 8}]","[{'type': 'number', 'count': 8}]","[{'type': 'number', 'count': 8}]","[{'type': 'number', 'count': 8}]","[{'type': 'number', 'count': 8}]","[{'type': 'number', 'count': 8}]","[{'type': 'number', 'count': 21}]",0.03791666775941849,"[{'type': 'number', 'count': 21}]",0.962083339691162,"[{'type': 'number', 'count': 21}]",6.0,"[{'type': 'number', 'count': 21}]",0.1591796875,"[{'type': 'number', 'count': 200}]",1,"[{'type': 'number', 'count': 200}]",5e-08,"[{'type': 'number', 'count': 200}]",0.00080108642578125,"[{'type': 'number', 'count': 6}]",True,1.0,"[{'type': 'number', 'count': 6}]",0.00115203857421875,200,[],[],"[1, 5, 11, 41, 49, 51, 53, 55, 71]","[1, 5, 11, 41, 49, 51, 53, 55, 71]","[2, 13, 16, 23, 55]",3.11.12,0.19.11,4.51.3,[5],0.19.11,linux-x86_64,0.19.11,3.11.12,5e-06,0,5,1,16,0.5,gender,16
fnjdfvui,gender_s1_intervention,78.970082775,200,1746810708.4386055,{'runtime': 78},0.57833331823349,0.42166668176651,2.328125,2.6875,0.04416666552424431,0.955833375453949,6.1875,0.1904296875,1,5e-08,0.000637054443359375,1.0,0.00069427490234375,5e-06,1,5,1,16,0.5,gender,16,UnVuOnYxOmZuamRmdnVpOmdlbmRlcjpzdGVlcmluZy1maW5ldHVuaW5n,[],fnjdfvui,gender_s1_intervention,,finished,,,6776a67f15c230b6797b058a20fefb4f05f56d78,False,2025-05-09T17:10:29Z,2025-05-09T17:11:48Z,gender_s1_intervention,,201,5e-06,1,5,1,16,0.5,gender,16,4.2753687316860205,51,41,38,729911,763012.0,1410,32.56771469116211,2.6119321039433285,127.73,292,1593,2014.59765625,31.9325,32.56771469116211,0.09760705785460264,35.18409729003906,1993485.25,30222909440,0,400,0,78.970082775,200,1746810708.4386055,78,0.57833331823349,0.42166668176651,2.328125,2.6875,0.04416666552424431,0.955833375453949,6.1875,0.1904296875,1,5e-08,0.000637054443359375,1.0,0.00069427490234375,Caden,caden-juang,"[{'type': 'number', 'count': 201}]",True,78.970082775,"[{'type': 'number', 'count': 201}]",True,200,"[{'type': 'number', 'count': 201}]",True,1746810708.4386055,"[{'type': 'number', 'count': 1}]",True,0.57833331823349,"[{'type': 'number', 'count': 1}]",True,0.42166668176651,"[{'type': 'number', 'count': 1}]",True,2.328125,"[{'type': 'number', 'count': 1}]",True,2.6875,"[{'type': 'number', 'count': 10}]","[{'type': 'number', 'count': 10}]","[{'type': 'number', 'count': 10}]","[{'type': 'number', 'count': 10}]","[{'type': 'number', 'count': 10}]","[{'type': 'number', 'count': 10}]","[{'type': 'number', 'count': 10}]","[{'type': 'number', 'count': 10}]","[{'type': 'number', 'count': 10}]","[{'type': 'number', 'count': 10}]","[{'type': 'number', 'count': 10}]","[{'type': 'number', 'count': 10}]","[{'type': 'number', 'count': 10}]","[{'type': 'number', 'count': 10}]","[{'type': 'number', 'count': 10}]","[{'type': 'number', 'count': 10}]","[{'type': 'number', 'count': 10}]","[{'type': 'number', 'count': 10}]","[{'type': 'number', 'count': 10}]","[{'type': 'number', 'count': 10}]","[{'type': 'number', 'count': 10}]","[{'type': 'number', 'count': 10}]","[{'type': 'number', 'count': 21}]",0.04416666552424431,"[{'type': 'number', 'count': 21}]",0.955833375453949,"[{'type': 'number', 'count': 21}]",6.1875,"[{'type': 'number', 'count': 21}]",0.1904296875,"[{'type': 'number', 'count': 200}]",1,"[{'type': 'number', 'count': 200}]",5e-08,"[{'type': 'number', 'count': 200}]",0.000637054443359375,"[{'type': 'number', 'count': 6}]",True,1.0,"[{'type': 'number', 'count': 6}]",0.00069427490234375,200,[],[],"[1, 5, 11, 41, 49, 51, 53, 55, 71]","[1, 5, 11, 41, 49, 51, 53, 55, 71]","[2, 13, 16, 23, 55]",3.11.12,0.19.11,4.51.3,[5],0.19.11,linux-x86_64,0.19.11,3.11.12,5e-06,1,5,1,16,0.5,gender,16
l9ywbmr7,gender_s2_intervention,66.220497803,200,1746810791.653721,{'runtime': 66},0.4900000095367432,0.5099999904632568,2.625,1.90625,0.12583333253860474,0.8741666674613953,6.78125,0.443359375,1,5e-08,0.000518798828125,1.0,0.000457763671875,5e-06,2,5,1,16,0.5,gender,16,UnVuOnYxOmw5eXdibXI3OmdlbmRlcjpzdGVlcmluZy1maW5ldHVuaW5n,[],l9ywbmr7,gender_s2_intervention,,finished,,,6776a67f15c230b6797b058a20fefb4f05f56d78,False,2025-05-09T17:12:05Z,2025-05-09T17:13:12Z,gender_s2_intervention,,201,5e-06,2,5,1,16,0.5,gender,16,3.5527161409445975,85,47,49,661272,689979.0,1410,32.56792068481445,2.6018094811793784,307.483,292,1593,2094.44921875,76.87075,32.56792068481445,0.10147585818629064,35.08888244628906,1993694.171875,30141120512,0,400,0,66.220497803,200,1746810791.653721,66,0.4900000095367432,0.5099999904632568,2.625,1.90625,0.12583333253860474,0.8741666674613953,6.78125,0.443359375,1,5e-08,0.000518798828125,1.0,0.000457763671875,Caden,caden-juang,"[{'type': 'number', 'count': 201}]",True,66.220497803,"[{'type': 'number', 'count': 201}]",True,200,"[{'type': 'number', 'count': 201}]",True,1746810791.653721,"[{'type': 'number', 'count': 1}]",True,0.4900000095367432,"[{'type': 'number', 'count': 1}]",True,0.5099999904632568,"[{'type': 'number', 'count': 1}]",True,2.625,"[{'type': 'number', 'count': 1}]",True,1.90625,"[{'type': 'number', 'count': 8}]","[{'type': 'number', 'count': 8}]","[{'type': 'number', 'count': 8}]","[{'type': 'number', 'count': 8}]","[{'type': 'number', 'count': 8}]","[{'type': 'number', 'count': 8}]","[{'type': 'number', 'count': 8}]","[{'type': 'number', 'count': 8}]","[{'type': 'number', 'count': 8}]","[{'type': 'number', 'count': 8}]","[{'type': 'number', 'count': 8}]","[{'type': 'number', 'count': 8}]","[{'type': 'number', 'count': 8}]","[{'type': 'number', 'count': 8}]","[{'type': 'number', 'count': 8}]","[{'type': 'number', 'count': 8}]","[{'type': 'number', 'count': 8}]","[{'type': 'number', 'count': 8}]","[{'type': 'number', 'count': 8}]","[{'type': 'number', 'count': 8}]","[{'type': 'number', 'count': 8}]","[{'type': 'number', 'count': 8}]","[{'type': 'number', 'count': 21}]",0.12583333253860474,"[{'type': 'number', 'count': 21}]",0.8741666674613953,"[{'type': 'number', 'count': 21}]",6.78125,"[{'type': 'number', 'count': 21}]",0.443359375,"[{'type': 'number', 'count': 200}]",1,"[{'type': 'number', 'count': 200}]",5e-08,"[{'type': 'number', 'count': 200}]",0.000518798828125,"[{'type': 'number', 'count': 6}]",True,1.0,"[{'type': 'number', 'count': 6}]",0.000457763671875,200,[],[],"[1, 5, 11, 41, 49, 51, 53, 55, 71]","[1, 5, 11, 41, 49, 51, 53, 55, 71]","[2, 13, 16, 23, 55]",3.11.12,0.19.11,4.51.3,[5],0.19.11,linux-x86_64,0.19.11,3.11.12,5e-06,2,5,1,16,0.5,gender,16
iz0ugtmd,gender_s3_intervention,68.285419529,200,1746810876.0605755,{'runtime': 68},0.57833331823349,0.42166668176651,2.3125,2.625,0.07000000774860382,0.9300000071525574,6.53125,0.298828125,1,5e-08,0.00020599365234375,1.0,0.0003910064697265625,5e-06,3,5,1,16,0.5,gender,16,UnVuOnYxOml6MHVndG1kOmdlbmRlcjpzdGVlcmluZy1maW5ldHVuaW5n,[],iz0ugtmd,gender_s3_intervention,,finished,,,6776a67f15c230b6797b058a20fefb4f05f56d78,False,2025-05-09T17:13:28Z,2025-05-09T17:14:36Z,gender_s3_intervention,,201,5e-06,3,5,1,16,0.5,gender,16,3.6393408499538737,53,47,15,635136,663003.0,1410,32.56620788574219,2.597840752926003,245.529,292,1593,2093.3515625,61.38224999999999,32.56620788574219,0.10142267684918058,35.08888244628906,1993776.08984375,30141120512,0,400,0,68.285419529,200,1746810876.0605755,68,0.57833331823349,0.42166668176651,2.3125,2.625,0.07000000774860382,0.9300000071525574,6.53125,0.298828125,1,5e-08,0.00020599365234375,1.0,0.0003910064697265625,Caden,caden-juang,"[{'type': 'number', 'count': 201}]",True,68.285419529,"[{'type': 'number', 'count': 201}]",True,200,"[{'type': 'number', 'count': 201}]",True,1746810876.0605755,"[{'type': 'number', 'count': 1}]",True,0.57833331823349,"[{'type': 'number', 'count': 1}]",True,0.42166668176651,"[{'type': 'number', 'count': 1}]",True,2.3125,"[{'type': 'number', 'count': 1}]",True,2.625,"[{'type': 'number', 'count': 8}]","[{'type': 'number', 'count': 8}]","[{'type': 'number', 'count': 8}]","[{'type': 'number', 'count': 8}]","[{'type': 'number', 'count': 8}]","[{'type': 'number', 'count': 8}]","[{'type': 'number', 'count': 8}]","[{'type': 'number', 'count': 8}]","[{'type': 'number', 'count': 8}]","[{'type': 'number', 'count': 8}]","[{'type': 'number', 'count': 8}]","[{'type': 'number', 'count': 8}]","[{'type': 'number', 'count': 8}]","[{'type': 'number', 'count': 8}]","[{'type': 'number', 'count': 8}]","[{'type': 'number', 'count': 8}]","[{'type': 'number', 'count': 8}]","[{'type': 'number', 'count': 8}]","[{'type': 'number', 'count': 8}]","[{'type': 'number', 'count': 8}]","[{'type': 'number', 'count': 8}]","[{'type': 'number', 'count': 8}]","[{'type': 'number', 'count': 21}]",0.07000000774860382,"[{'type': 'number', 'count': 21}]",0.9300000071525574,"[{'type': 'number', 'count': 21}]",6.53125,"[{'type': 'number', 'count': 21}]",0.298828125,"[{'type': 'number', 'count': 200}]",1,"[{'type': 'number', 'count': 200}]",5e-08,"[{'type': 'number', 'count': 200}]",0.00020599365234375,"[{'type': 'number', 'count': 6}]",True,1.0,"[{'type': 'number', 'count': 6}]",0.0003910064697265625,200,[],[],"[1, 5, 11, 41, 49, 51, 53, 55, 71]","[1, 5, 11, 41, 49, 51, 53, 55, 71]","[2, 13, 16, 23, 55]",3.11.12,0.19.11,4.51.3,[5],0.19.11,linux-x86_64,0.19.11,3.11.12,5e-06,3,5,1,16,0.5,gender,16
c84yii7n,gender_s4_intervention,66.39270841,200,1746810959.95196,{'runtime': 66},0.5024999976158142,0.4975000023841858,2.640625,2.140625,0.11500000953674316,0.8850000500679016,5.84375,0.431640625,1,5e-08,0.000644683837890625,1.0,0.000865936279296875,5e-06,4,5,1,16,0.5,gender,16,UnVuOnYxOmM4NHlpaTduOmdlbmRlcjpzdGVlcmluZy1maW5ldHVuaW5n,[],c84yii7n,gender_s4_intervention,,finished,,,6776a67f15c230b6797b058a20fefb4f05f56d78,False,2025-05-09T17:14:53Z,2025-05-09T17:16:00Z,gender_s4_intervention,,201,5e-06,4,5,1,16,0.5,gender,16,3.543010826922692,84,48,51,711140,791433.0,1410,32.566410064697266,2.599328694820521,289.243,292,1593,2092.48828125,72.31075,32.566410064697266,0.10138085095771678,35.08888244628906,1993745.40234375,30141120512,0,400,0,66.39270841,200,1746810959.95196,66,0.5024999976158142,0.4975000023841858,2.640625,2.140625,0.11500000953674316,0.8850000500679016,5.84375,0.431640625,1,5e-08,0.000644683837890625,1.0,0.000865936279296875,Caden,caden-juang,"[{'type': 'number', 'count': 201}]",True,66.39270841,"[{'type': 'number', 'count': 201}]",True,200,"[{'type': 'number', 'count': 201}]",True,1746810959.95196,"[{'type': 'number', 'count': 1}]",True,0.5024999976158142,"[{'type': 'number', 'count': 1}]",True,0.4975000023841858,"[{'type': 'number', 'count': 1}]",True,2.640625,"[{'type': 'number', 'count': 1}]",True,2.140625,"[{'type': 'number', 'count': 8}]","[{'type': 'number', 'count': 8}]","[{'type': 'number', 'count': 8}]","[{'type': 'number', 'count': 8}]","[{'type': 'number', 'count': 8}]","[{'type': 'number', 'count': 8}]","[{'type': 'number', 'count': 8}]","[{'type': 'number', 'count': 8}]","[{'type': 'number', 'count': 8}]","[{'type': 'number', 'count': 8}]","[{'type': 'number', 'count': 8}]","[{'type': 'number', 'count': 8}]","[{'type': 'number', 'count': 8}]","[{'type': 'number', 'count': 8}]","[{'type': 'number', 'count': 8}]","[{'type': 'number', 'count': 8}]","[{'type': 'number', 'count': 8}]","[{'type': 'number', 'count': 8}]","[{'type': 'number', 'count': 8}]","[{'type': 'number', 'count': 8}]","[{'type': 'number', 'count': 8}]","[{'type': 'number', 'count': 8}]","[{'type': 'number', 'count': 21}]",0.11500000953674316,"[{'type': 'number', 'count': 21}]",0.8850000500679016,"[{'type': 'number', 'count': 21}]",5.84375,"[{'type': 'number', 'count': 21}]",0.431640625,"[{'type': 'number', 'count': 200}]",1,"[{'type': 'number', 'count': 200}]",5e-08,"[{'type': 'number', 'count': 200}]",0.000644683837890625,"[{'type': 'number', 'count': 6}]",True,1.0,"[{'type': 'number', 'count': 6}]",0.000865936279296875,200,[],[],"[1, 5, 11, 41, 49, 51, 53, 55, 71]","[1, 5, 11, 41, 49, 51, 53, 55, 71]","[2, 13, 16, 23, 55]",3.11.12,0.19.11,4.51.3,[5],0.19.11,linux-x86_64,0.19.11,3.11.12,5e-06,4,5,1,16,0.5,gender,16
yahuyxhk,gender_s0_no_intervention,65.934527176,200,1746814230.6497705,{'runtime': 65},0.06916666775941849,0.930833339691162,7.21875,0.380859375,0.06916666775941849,0.930833339691162,7.21875,0.380859375,1,5e-08,0.00017070770263671875,1.0,0.0004119873046875,5e-06,0,5,1,16,0.5,gender,16,UnVuOnYxOnlhaHV5eGhrOmdlbmRlcjpzdGVlcmluZy1maW5ldHVuaW5n,[],yahuyxhk,gender_s0_no_intervention,,finished,,,6776a67f15c230b6797b058a20fefb4f05f56d78,False,2025-05-09T18:09:25Z,2025-05-09T18:10:31Z,"gender_s0_no_intervention
",,201,5e-06,0,5,1,16,0.5,gender,16,2.0086036807129175,85,43,52,767712,758029.0,1410,32.49150466918945,2.2287142019954516,275.002,292,1593,1989.87109375,68.7505,32.49150466918945,0.09640905833891995,35.10597229003906,2001335.10546875,30155800576,0,400,0,65.934527176,200,1746814230.6497705,65,0.06916666775941849,0.930833339691162,7.21875,0.380859375,0.06916666775941849,0.930833339691162,7.21875,0.380859375,1,5e-08,0.00017070770263671875,1.0,0.0004119873046875,Caden,caden-juang,"[{'type': 'number', 'count': 201}]",True,65.934527176,"[{'type': 'number', 'count': 201}]",True,200,"[{'type': 'number', 'count': 201}]",True,1746814230.6497705,"[{'type': 'number', 'count': 1}]",True,0.06916666775941849,"[{'type': 'number', 'count': 1}]",True,0.930833339691162,"[{'type': 'number', 'count': 1}]",True,7.21875,"[{'type': 'number', 'count': 1}]",True,0.380859375,"[{'type': 'number', 'count': 8}]","[{'type': 'number', 'count': 8}]","[{'type': 'number', 'count': 8}]","[{'type': 'number', 'count': 8}]","[{'type': 'number', 'count': 8}]","[{'type': 'number', 'count': 8}]","[{'type': 'number', 'count': 8}]","[{'type': 'number', 'count': 8}]","[{'type': 'number', 'count': 8}]","[{'type': 'number', 'count': 8}]","[{'type': 'number', 'count': 8}]","[{'type': 'number', 'count': 8}]","[{'type': 'number', 'count': 8}]","[{'type': 'number', 'count': 8}]","[{'type': 'number', 'count': 8}]","[{'type': 'number', 'count': 8}]","[{'type': 'number', 'count': 8}]","[{'type': 'number', 'count': 8}]","[{'type': 'number', 'count': 8}]","[{'type': 'number', 'count': 8}]","[{'type': 'number', 'count': 8}]","[{'type': 'number', 'count': 8}]","[{'type': 'number', 'count': 21}]",0.06916666775941849,"[{'type': 'number', 'count': 21}]",0.930833339691162,"[{'type': 'number', 'count': 21}]",7.21875,"[{'type': 'number', 'count': 21}]",0.380859375,"[{'type': 'number', 'count': 200}]",1,"[{'type': 'number', 'count': 200}]",5e-08,"[{'type': 'number', 'count': 200}]",0.00017070770263671875,"[{'type': 'number', 'count': 6}]",True,1.0,"[{'type': 'number', 'count': 6}]",0.0004119873046875,200,[],[],"[1, 5, 11, 41, 49, 51, 53, 55, 71]","[1, 5, 11, 41, 49, 51, 53, 55, 71]","[2, 13, 16, 23, 55]",3.11.12,0.19.11,4.51.3,[5],0.19.11,linux-x86_64,0.19.11,3.11.12,5e-06,0,5,1,16,0.5,gender,16
e5f6cosn,gender_s0_random_intervention,66.742247131,200,1746814473.2854571,{'runtime': 66},0.38708335161209106,0.6129166483879089,1.9140625,1.0546875,0.15791666507720947,0.8420833945274353,6.5,0.9375,1,5e-08,0.0002422332763671875,1.0,0.00052642822265625,5e-06,0,5,1,16,0.5,gender,16,UnVuOnYxOmU1ZjZjb3NuOmdlbmRlcjpzdGVlcmluZy1maW5ldHVuaW5n,[],e5f6cosn,gender_s0_random_intervention,,finished,,,6776a67f15c230b6797b058a20fefb4f05f56d78,False,2025-05-09T18:13:26Z,2025-05-09T18:14:33Z,gender_s0_random_intervention,,201,5e-06,0,5,1,16,0.5,gender,16,3.653153098880399,86,44,50,985318,1006630.0,1410,32.49348449707031,2.482584493675668,257.705,292,1593,2101.10546875,64.42625,32.49348449707031,0.10179835284264505,34.46929931640625,1994577.265625,29608902656,0,400,0,66.742247131,200,1746814473.2854571,66,0.38708335161209106,0.6129166483879089,1.9140625,1.0546875,0.15791666507720947,0.8420833945274353,6.5,0.9375,1,5e-08,0.0002422332763671875,1.0,0.00052642822265625,Caden,caden-juang,"[{'type': 'number', 'count': 201}]",True,66.742247131,"[{'type': 'number', 'count': 201}]",True,200,"[{'type': 'number', 'count': 201}]",True,1746814473.2854571,"[{'type': 'number', 'count': 1}]",True,0.38708335161209106,"[{'type': 'number', 'count': 1}]",True,0.6129166483879089,"[{'type': 'number', 'count': 1}]",True,1.9140625,"[{'type': 'number', 'count': 1}]",True,1.0546875,"[{'type': 'number', 'count': 8}]","[{'type': 'number', 'count': 8}]","[{'type': 'number', 'count': 8}]","[{'type': 'number', 'count': 8}]","[{'type': 'number', 'count': 8}]","[{'type': 'number', 'count': 8}]","[{'type': 'number', 'count': 8}]","[{'type': 'number', 'count': 8}]","[{'type': 'number', 'count': 8}]","[{'type': 'number', 'count': 8}]","[{'type': 'number', 'count': 8}]","[{'type': 'number', 'count': 8}]","[{'type': 'number', 'count': 8}]","[{'type': 'number', 'count': 8}]","[{'type': 'number', 'count': 8}]","[{'type': 'number', 'count': 8}]","[{'type': 'number', 'count': 8}]","[{'type': 'number', 'count': 8}]","[{'type': 'number', 'count': 8}]","[{'type': 'number', 'count': 8}]","[{'type': 'number', 'count': 8}]","[{'type': 'number', 'count': 8}]","[{'type': 'number', 'count': 21}]",0.15791666507720947,"[{'type': 'number', 'count': 21}]",0.8420833945274353,"[{'type': 'number', 'count': 21}]",6.5,"[{'type': 'number', 'count': 21}]",0.9375,"[{'type': 'number', 'count': 200}]",1,"[{'type': 'number', 'count': 200}]",5e-08,"[{'type': 'number', 'count': 200}]",0.0002422332763671875,"[{'type': 'number', 'count': 6}]",True,1.0,"[{'type': 'number', 'count': 6}]",0.00052642822265625,200,[],[],"[1, 5, 11, 41, 49, 51, 53, 55, 71]","[1, 5, 11, 41, 49, 51, 53, 55, 71]","[2, 13, 16, 23, 55]",3.11.12,0.19.11,4.51.3,[5],0.19.11,linux-x86_64,0.19.11,3.11.12,5e-06,0,5,1,16,0.5,gender,16
ehkxvo5m,gender_s1_random_intervention,68.652542855,200,1746814558.376119,{'runtime': 68},0.54625004529953,0.4537499845027923,2.3125,2.203125,0.0062500000931322575,0.9937500357627868,7.8125,0.0107421875,1,5e-08,0.00060272216796875,1.0,0.000804901123046875,5e-06,1,5,1,16,0.5,gender,16,UnVuOnYxOmVoa3h2bzVtOmdlbmRlcjpzdGVlcmluZy1maW5ldHVuaW5n,[],ehkxvo5m,gender_s1_random_intervention,,finished,,,6776a67f15c230b6797b058a20fefb4f05f56d78,False,2025-05-09T18:14:50Z,2025-05-09T18:15:59Z,gender_s1_random_intervention,,201,5e-06,1,5,1,16,0.5,gender,16,3.639200789853149,84,41,50,743806,827742.0,1410,32.4937858581543,2.733471709784606,206.076,292,1593,2087.8125,51.519000000000005,32.4937858581543,0.10115430981707343,34.57427978515625,1987767.89453125,29699080192,0,400,0,68.652542855,200,1746814558.376119,68,0.54625004529953,0.4537499845027923,2.3125,2.203125,0.0062500000931322575,0.9937500357627868,7.8125,0.0107421875,1,5e-08,0.00060272216796875,1.0,0.000804901123046875,Caden,caden-juang,"[{'type': 'number', 'count': 201}]",True,68.652542855,"[{'type': 'number', 'count': 201}]",True,200,"[{'type': 'number', 'count': 201}]",True,1746814558.376119,"[{'type': 'number', 'count': 1}]",True,0.54625004529953,"[{'type': 'number', 'count': 1}]",True,0.4537499845027923,"[{'type': 'number', 'count': 1}]",True,2.3125,"[{'type': 'number', 'count': 1}]",True,2.203125,"[{'type': 'number', 'count': 8}]","[{'type': 'number', 'count': 8}]","[{'type': 'number', 'count': 8}]","[{'type': 'number', 'count': 8}]","[{'type': 'number', 'count': 8}]","[{'type': 'number', 'count': 8}]","[{'type': 'number', 'count': 8}]","[{'type': 'number', 'count': 8}]","[{'type': 'number', 'count': 8}]","[{'type': 'number', 'count': 8}]","[{'type': 'number', 'count': 8}]","[{'type': 'number', 'count': 8}]","[{'type': 'number', 'count': 8}]","[{'type': 'number', 'count': 8}]","[{'type': 'number', 'count': 8}]","[{'type': 'number', 'count': 8}]","[{'type': 'number', 'count': 8}]","[{'type': 'number', 'count': 8}]","[{'type': 'number', 'count': 8}]","[{'type': 'number', 'count': 8}]","[{'type': 'number', 'count': 8}]","[{'type': 'number', 'count': 8}]","[{'type': 'number', 'count': 21}]",0.0062500000931322575,"[{'type': 'number', 'count': 21}]",0.9937500357627868,"[{'type': 'number', 'count': 21}]",7.8125,"[{'type': 'number', 'count': 21}]",0.0107421875,"[{'type': 'number', 'count': 200}]",1,"[{'type': 'number', 'count': 200}]",5e-08,"[{'type': 'number', 'count': 200}]",0.00060272216796875,"[{'type': 'number', 'count': 6}]",True,1.0,"[{'type': 'number', 'count': 6}]",0.000804901123046875,200,[],[],"[1, 5, 11, 41, 49, 51, 53, 55, 71]","[1, 5, 11, 41, 49, 51, 53, 55, 71]","[2, 13, 16, 23, 55]",3.11.12,0.19.11,4.51.3,[5],0.19.11,linux-x86_64,0.19.11,3.11.12,5e-06,1,5,1,16,0.5,gender,16
er1uwhwg,gender_s2_random_intervention,72.81557108,200,1746814650.0163903,{'runtime': 72},0.57833331823349,0.42166668176651,2.59375,2.953125,0.4420833587646485,0.5579167008399963,2.609375,1.984375,1,5e-08,0.00102996826171875,1.0,0.00171661376953125,5e-06,2,5,1,16,0.5,gender,16,UnVuOnYxOmVyMXV3aHdnOmdlbmRlcjpzdGVlcmluZy1maW5ldHVuaW5n,[],er1uwhwg,gender_s2_random_intervention,,finished,,,6776a67f15c230b6797b058a20fefb4f05f56d78,False,2025-05-09T18:16:17Z,2025-05-09T18:17:30Z,gender_s2_random_intervention,,201,5e-06,2,5,1,16,0.5,gender,16,3.9873617498869818,39,36,12,633780,658778.0,1410,32.49400329589844,2.707924038912175,94.195,292,1593,1943.921875,23.54875,32.49400329589844,0.09418282321996652,34.47906494140625,1988295.9296875,29617291264,0,400,0,72.81557108,200,1746814650.0163903,72,0.57833331823349,0.42166668176651,2.59375,2.953125,0.4420833587646485,0.5579167008399963,2.609375,1.984375,1,5e-08,0.00102996826171875,1.0,0.00171661376953125,Caden,caden-juang,"[{'type': 'number', 'count': 201}]",True,72.81557108,"[{'type': 'number', 'count': 201}]",True,200,"[{'type': 'number', 'count': 201}]",True,1746814650.0163903,"[{'type': 'number', 'count': 1}]",True,0.57833331823349,"[{'type': 'number', 'count': 1}]",True,0.42166668176651,"[{'type': 'number', 'count': 1}]",True,2.59375,"[{'type': 'number', 'count': 1}]",True,2.953125,"[{'type': 'number', 'count': 8}]","[{'type': 'number', 'count': 8}]","[{'type': 'number', 'count': 8}]","[{'type': 'number', 'count': 8}]","[{'type': 'number', 'count': 8}]","[{'type': 'number', 'count': 8}]","[{'type': 'number', 'count': 8}]","[{'type': 'number', 'count': 8}]","[{'type': 'number', 'count': 8}]","[{'type': 'number', 'count': 8}]","[{'type': 'number', 'count': 8}]","[{'type': 'number', 'count': 8}]","[{'type': 'number', 'count': 8}]","[{'type': 'number', 'count': 8}]","[{'type': 'number', 'count': 8}]","[{'type': 'number', 'count': 8}]","[{'type': 'number', 'count': 8}]","[{'type': 'number', 'count': 8}]","[{'type': 'number', 'count': 8}]","[{'type': 'number', 'count': 8}]","[{'type': 'number', 'count': 8}]","[{'type': 'number', 'count': 8}]","[{'type': 'number', 'count': 21}]",0.4420833587646485,"[{'type': 'number', 'count': 21}]",0.5579167008399963,"[{'type': 'number', 'count': 21}]",2.609375,"[{'type': 'number', 'count': 21}]",1.984375,"[{'type': 'number', 'count': 200}]",1,"[{'type': 'number', 'count': 200}]",5e-08,"[{'type': 'number', 'count': 200}]",0.00102996826171875,"[{'type': 'number', 'count': 6}]",True,1.0,"[{'type': 'number', 'count': 6}]",0.00171661376953125,200,[],[],"[1, 5, 11, 41, 49, 51, 53, 55, 71]","[1, 5, 11, 41, 49, 51, 53, 55, 71]","[2, 13, 16, 23, 55]",3.11.12,0.19.11,4.51.3,[5],0.19.11,linux-x86_64,0.19.11,3.11.12,5e-06,2,5,1,16,0.5,gender,16
c9r72fxz,gender_s3_random_intervention,67.083401472,200,1746814958.7497742,{'runtime': 67},0.54625004529953,0.4537499845027923,1.46875,1.484375,0.20916667580604553,0.7908333539962769,6.3125,1.265625,1,5e-08,0.0001678466796875,1.0,0.000247955322265625,5e-06,3,5,1,16,0.5,gender,16,UnVuOnYxOmM5cjcyZnh6OmdlbmRlcjpzdGVlcmluZy1maW5ldHVuaW5n,[],c9r72fxz,gender_s3_random_intervention,,finished,,,6776a67f15c230b6797b058a20fefb4f05f56d78,False,2025-05-09T18:21:31Z,2025-05-09T18:22:39Z,gender_s3_random_intervention,,201,5e-06,3,5,1,16,0.5,gender,16,0.9281837239645306,85,41,49,667616,695825.0,1410,32.49415588378906,2.4011746542334933,280.17,292,1593,1997.4375,70.0425,32.49415588378906,0.0967756499758674,34.47906494140625,1994616.33984375,29617291264,0,400,0,67.083401472,200,1746814958.7497742,67,0.54625004529953,0.4537499845027923,1.46875,1.484375,0.20916667580604553,0.7908333539962769,6.3125,1.265625,1,5e-08,0.0001678466796875,1.0,0.000247955322265625,Caden,caden-juang,"[{'type': 'number', 'count': 201}]",True,67.083401472,"[{'type': 'number', 'count': 201}]",True,200,"[{'type': 'number', 'count': 201}]",True,1746814958.7497742,"[{'type': 'number', 'count': 1}]",True,0.54625004529953,"[{'type': 'number', 'count': 1}]",True,0.4537499845027923,"[{'type': 'number', 'count': 1}]",True,1.46875,"[{'type': 'number', 'count': 1}]",True,1.484375,"[{'type': 'number', 'count': 8}]","[{'type': 'number', 'count': 8}]","[{'type': 'number', 'count': 8}]","[{'type': 'number', 'count': 8}]","[{'type': 'number', 'count': 8}]","[{'type': 'number', 'count': 8}]","[{'type': 'number', 'count': 8}]","[{'type': 'number', 'count': 8}]","[{'type': 'number', 'count': 8}]","[{'type': 'number', 'count': 8}]","[{'type': 'number', 'count': 8}]","[{'type': 'number', 'count': 8}]","[{'type': 'number', 'count': 8}]","[{'type': 'number', 'count': 8}]","[{'type': 'number', 'count': 8}]","[{'type': 'number', 'count': 8}]","[{'type': 'number', 'count': 8}]","[{'type': 'number', 'count': 8}]","[{'type': 'number', 'count': 8}]","[{'type': 'number', 'count': 8}]","[{'type': 'number', 'count': 8}]","[{'type': 'number', 'count': 8}]","[{'type': 'number', 'count': 21}]",0.20916667580604553,"[{'type': 'number', 'count': 21}]",0.7908333539962769,"[{'type': 'number', 'count': 21}]",6.3125,"[{'type': 'number', 'count': 21}]",1.265625,"[{'type': 'number', 'count': 200}]",1,"[{'type': 'number', 'count': 200}]",5e-08,"[{'type': 'number', 'count': 200}]",0.0001678466796875,"[{'type': 'number', 'count': 6}]",True,1.0,"[{'type': 'number', 'count': 6}]",0.000247955322265625,200,[],[],"[1, 5, 11, 41, 49, 51, 53, 55, 71]","[1, 5, 11, 41, 49, 51, 53, 55, 71]","[2, 13, 16, 23, 55]",3.11.12,0.19.11,4.51.3,[5],0.19.11,linux-x86_64,0.19.11,3.11.12,5e-06,3,5,1,16,0.5,gender,16
9f047qua,gender_s4_random_intervention,68.969118648,200,1746815045.435823,{'runtime': 68},0.5337499976158142,0.4662500023841858,1.0,1.03125,0.943750023841858,0.05625000223517418,0.11572265625,7.84375,1,5e-08,0.0001277923583984375,1.0,0.0007476806640625,5e-06,4,5,1,16,0.5,gender,16,UnVuOnYxOjlmMDQ3cXVhOmdlbmRlcjpzdGVlcmluZy1maW5ldHVuaW5n,[],9f047qua,gender_s4_random_intervention,,finished,,,6776a67f15c230b6797b058a20fefb4f05f56d78,False,2025-05-09T18:22:56Z,2025-05-09T18:24:06Z,gender_s4_random_intervention,,201,5e-06,4,5,1,16,0.5,gender,16,3.5747489041036777,76,41,44,628606,665352.0,1410,32.4943733215332,2.4484553232709145,227.341,292,1593,2103.23046875,56.83525,32.4943733215332,0.10190130888317132,34.47906494140625,1993642.61328125,29617291264,0,400,0,68.969118648,200,1746815045.435823,68,0.5337499976158142,0.4662500023841858,1.0,1.03125,0.943750023841858,0.05625000223517418,0.11572265625,7.84375,1,5e-08,0.0001277923583984375,1.0,0.0007476806640625,Caden,caden-juang,"[{'type': 'number', 'count': 201}]",True,68.969118648,"[{'type': 'number', 'count': 201}]",True,200,"[{'type': 'number', 'count': 201}]",True,1746815045.435823,"[{'type': 'number', 'count': 1}]",True,0.5337499976158142,"[{'type': 'number', 'count': 1}]",True,0.4662500023841858,"[{'type': 'number', 'count': 1}]",True,1.0,"[{'type': 'number', 'count': 1}]",True,1.03125,"[{'type': 'number', 'count': 8}]","[{'type': 'number', 'count': 8}]","[{'type': 'number', 'count': 8}]","[{'type': 'number', 'count': 8}]","[{'type': 'number', 'count': 8}]","[{'type': 'number', 'count': 8}]","[{'type': 'number', 'count': 8}]","[{'type': 'number', 'count': 8}]","[{'type': 'number', 'count': 8}]","[{'type': 'number', 'count': 8}]","[{'type': 'number', 'count': 8}]","[{'type': 'number', 'count': 8}]","[{'type': 'number', 'count': 8}]","[{'type': 'number', 'count': 8}]","[{'type': 'number', 'count': 8}]","[{'type': 'number', 'count': 8}]","[{'type': 'number', 'count': 8}]","[{'type': 'number', 'count': 8}]","[{'type': 'number', 'count': 8}]","[{'type': 'number', 'count': 8}]","[{'type': 'number', 'count': 8}]","[{'type': 'number', 'count': 8}]","[{'type': 'number', 'count': 21}]",0.943750023841858,"[{'type': 'number', 'count': 21}]",0.05625000223517418,"[{'type': 'number', 'count': 21}]",0.11572265625,"[{'type': 'number', 'count': 21}]",7.84375,"[{'type': 'number', 'count': 200}]",1,"[{'type': 'number', 'count': 200}]",5e-08,"[{'type': 'number', 'count': 200}]",0.0001277923583984375,"[{'type': 'number', 'count': 6}]",True,1.0,"[{'type': 'number', 'count': 6}]",0.0007476806640625,200,[],[],"[1, 5, 11, 41, 49, 51, 53, 55, 71]","[1, 5, 11, 41, 49, 51, 53, 55, 71]","[2, 13, 16, 23, 55]",3.11.12,0.19.11,4.51.3,[5],0.19.11,linux-x86_64,0.19.11,3.11.12,5e-06,4,5,1,16,0.5,gender,16
sg6n0th9,gender_s0_top_intervention,84.51107931600001,200,1746815736.073027,{'runtime': 84},0.565416693687439,0.3837500214576721,1.5234375,1.6015625,0.987500011920929,0.012500000186264517,0.035400390625,7.25,1,5e-08,7.295608520507812e-05,1.0,0.00183868408203125,5e-06,0,5,1,16,0.5,gender,16,UnVuOnYxOnNnNm4wdGg5OmdlbmRlcjpzdGVlcmluZy1maW5ldHVuaW5n,[],sg6n0th9,gender_s0_top_intervention,,finished,,,6776a67f15c230b6797b058a20fefb4f05f56d78,False,2025-05-09T18:34:11Z,2025-05-09T18:35:36Z,gender_s0_top_intervention,,201,5e-06,0,5,1,16,0.5,gender,16,2.6644082110145164,85,39,49,701328,735287.0,1410,32.49466323852539,2.322377892091956,224.615,292,1593,1925.75,56.15375,32.49466323852539,0.09330239766752484,34.46929931640625,1994633.8125,29608902656,0,400,0,84.51107931600001,200,1746815736.073027,84,0.565416693687439,0.3837500214576721,1.5234375,1.6015625,0.987500011920929,0.012500000186264517,0.035400390625,7.25,1,5e-08,7.295608520507812e-05,1.0,0.00183868408203125,Caden,caden-juang,"[{'type': 'number', 'count': 201}]",True,84.51107931600001,"[{'type': 'number', 'count': 201}]",True,200,"[{'type': 'number', 'count': 201}]",True,1746815736.073027,"[{'type': 'number', 'count': 1}]",True,0.565416693687439,"[{'type': 'number', 'count': 1}]",True,0.3837500214576721,"[{'type': 'number', 'count': 1}]",True,1.5234375,"[{'type': 'number', 'count': 1}]",True,1.6015625,"[{'type': 'number', 'count': 10}]","[{'type': 'number', 'count': 10}]","[{'type': 'number', 'count': 10}]","[{'type': 'number', 'count': 10}]","[{'type': 'number', 'count': 10}]","[{'type': 'number', 'count': 10}]","[{'type': 'number', 'count': 10}]","[{'type': 'number', 'count': 10}]","[{'type': 'number', 'count': 10}]","[{'type': 'number', 'count': 10}]","[{'type': 'number', 'count': 10}]","[{'type': 'number', 'count': 10}]","[{'type': 'number', 'count': 10}]","[{'type': 'number', 'count': 10}]","[{'type': 'number', 'count': 10}]","[{'type': 'number', 'count': 10}]","[{'type': 'number', 'count': 10}]","[{'type': 'number', 'count': 10}]","[{'type': 'number', 'count': 10}]","[{'type': 'number', 'count': 10}]","[{'type': 'number', 'count': 10}]","[{'type': 'number', 'count': 10}]","[{'type': 'number', 'count': 21}]",0.987500011920929,"[{'type': 'number', 'count': 21}]",0.012500000186264517,"[{'type': 'number', 'count': 21}]",0.035400390625,"[{'type': 'number', 'count': 21}]",7.25,"[{'type': 'number', 'count': 200}]",1,"[{'type': 'number', 'count': 200}]",5e-08,"[{'type': 'number', 'count': 200}]",7.295608520507812e-05,"[{'type': 'number', 'count': 6}]",True,1.0,"[{'type': 'number', 'count': 6}]",0.00183868408203125,200,[],[],"[1, 5, 11, 41, 49, 51, 53, 55, 71]","[1, 5, 11, 41, 49, 51, 53, 55, 71]","[2, 13, 16, 23, 55]",3.11.12,0.19.11,4.51.3,[5],0.19.11,linux-x86_64,0.19.11,3.11.12,5e-06,0,5,1,16,0.5,gender,16
c9eyj39h,gender_s1_top_intervention,71.248142537,200,1746815823.8708367,{'runtime': 71},0.5270833373069763,0.33375000953674316,1.59375,1.6875,1.0,0.0,0.0115966796875,6.84375,1,5e-08,0.0003108978271484375,1.0,0.0009307861328125,5e-06,1,5,1,16,0.5,gender,16,UnVuOnYxOmM5ZXlqMzloOmdlbmRlcjpzdGVlcmluZy1maW5ldHVuaW5n,[],c9eyj39h,gender_s1_top_intervention,,finished,,,6776a67f15c230b6797b058a20fefb4f05f56d78,False,2025-05-09T18:35:52Z,2025-05-09T18:37:04Z,gender_s1_top_intervention,,201,5e-06,1,5,1,16,0.5,gender,16,3.9569520527986337,86,39,50,690551,772669.0,1410,32.49488067626953,2.324484895031623,292.026,292,1593,1849.703125,73.0065,32.49488067626953,0.08961793407016144,34.56939697265625,1996042.7421875,29694885888,0,400,0,71.248142537,200,1746815823.8708367,71,0.5270833373069763,0.33375000953674316,1.59375,1.6875,1.0,0.0,0.0115966796875,6.84375,1,5e-08,0.0003108978271484375,1.0,0.0009307861328125,Caden,caden-juang,"[{'type': 'number', 'count': 201}]",True,71.248142537,"[{'type': 'number', 'count': 201}]",True,200,"[{'type': 'number', 'count': 201}]",True,1746815823.8708367,"[{'type': 'number', 'count': 1}]",True,0.5270833373069763,"[{'type': 'number', 'count': 1}]",True,0.33375000953674316,"[{'type': 'number', 'count': 1}]",True,1.59375,"[{'type': 'number', 'count': 1}]",True,1.6875,"[{'type': 'number', 'count': 8}]","[{'type': 'number', 'count': 8}]","[{'type': 'number', 'count': 8}]","[{'type': 'number', 'count': 8}]","[{'type': 'number', 'count': 8}]","[{'type': 'number', 'count': 8}]","[{'type': 'number', 'count': 8}]","[{'type': 'number', 'count': 8}]","[{'type': 'number', 'count': 8}]","[{'type': 'number', 'count': 8}]","[{'type': 'number', 'count': 8}]","[{'type': 'number', 'count': 8}]","[{'type': 'number', 'count': 8}]","[{'type': 'number', 'count': 8}]","[{'type': 'number', 'count': 8}]","[{'type': 'number', 'count': 8}]","[{'type': 'number', 'count': 8}]","[{'type': 'number', 'count': 8}]","[{'type': 'number', 'count': 8}]","[{'type': 'number', 'count': 8}]","[{'type': 'number', 'count': 8}]","[{'type': 'number', 'count': 8}]","[{'type': 'number', 'count': 21}]",1.0,"[{'type': 'number', 'count': 21}]",0.0,"[{'type': 'number', 'count': 21}]",0.0115966796875,"[{'type': 'number', 'count': 21}]",6.84375,"[{'type': 'number', 'count': 200}]",1,"[{'type': 'number', 'count': 200}]",5e-08,"[{'type': 'number', 'count': 200}]",0.0003108978271484375,"[{'type': 'number', 'count': 6}]",True,1.0,"[{'type': 'number', 'count': 6}]",0.0009307861328125,200,[],[],"[1, 5, 11, 41, 49, 51, 53, 55, 71]","[1, 5, 11, 41, 49, 51, 53, 55, 71]","[2, 13, 16, 23, 55]",3.11.12,0.19.11,4.51.3,[5],0.19.11,linux-x86_64,0.19.11,3.11.12,5e-06,1,5,1,16,0.5,gender,16
isqxa4c6,gender_s2_top_intervention,70.922509853,200,1746815911.950743,{'runtime': 70},0.565416693687439,0.39041668176651,1.5390625,1.6015625,0.987500011920929,0.012500000186264517,0.03271484375,7.84375,1,5e-08,0.00138092041015625,1.0,0.0020294189453125,5e-06,2,5,1,16,0.5,gender,16,UnVuOnYxOmlzcXhhNGM2OmdlbmRlcjpzdGVlcmluZy1maW5ldHVuaW5n,[],isqxa4c6,gender_s2_top_intervention,,finished,,,6776a67f15c230b6797b058a20fefb4f05f56d78,False,2025-05-09T18:37:21Z,2025-05-09T18:38:32Z,gender_s2_top_intervention,,201,5e-06,2,5,1,16,0.5,gender,16,3.887823096865592,83,39,48,638574,663839.0,1410,32.49503707885742,2.3407426758208314,272.264,292,1593,1988.984375,68.066,32.49503707885742,0.09636609690289152,34.47906494140625,1995706.765625,29617291264,0,400,0,70.922509853,200,1746815911.950743,70,0.565416693687439,0.39041668176651,1.5390625,1.6015625,0.987500011920929,0.012500000186264517,0.03271484375,7.84375,1,5e-08,0.00138092041015625,1.0,0.0020294189453125,Caden,caden-juang,"[{'type': 'number', 'count': 201}]",True,70.922509853,"[{'type': 'number', 'count': 201}]",True,200,"[{'type': 'number', 'count': 201}]",True,1746815911.950743,"[{'type': 'number', 'count': 1}]",True,0.565416693687439,"[{'type': 'number', 'count': 1}]",True,0.39041668176651,"[{'type': 'number', 'count': 1}]",True,1.5390625,"[{'type': 'number', 'count': 1}]",True,1.6015625,"[{'type': 'number', 'count': 8}]","[{'type': 'number', 'count': 8}]","[{'type': 'number', 'count': 8}]","[{'type': 'number', 'count': 8}]","[{'type': 'number', 'count': 8}]","[{'type': 'number', 'count': 8}]","[{'type': 'number', 'count': 8}]","[{'type': 'number', 'count': 8}]","[{'type': 'number', 'count': 8}]","[{'type': 'number', 'count': 8}]","[{'type': 'number', 'count': 8}]","[{'type': 'number', 'count': 8}]","[{'type': 'number', 'count': 8}]","[{'type': 'number', 'count': 8}]","[{'type': 'number', 'count': 8}]","[{'type': 'number', 'count': 8}]","[{'type': 'number', 'count': 8}]","[{'type': 'number', 'count': 8}]","[{'type': 'number', 'count': 8}]","[{'type': 'number', 'count': 8}]","[{'type': 'number', 'count': 8}]","[{'type': 'number', 'count': 8}]","[{'type': 'number', 'count': 21}]",0.987500011920929,"[{'type': 'number', 'count': 21}]",0.012500000186264517,"[{'type': 'number', 'count': 21}]",0.03271484375,"[{'type': 'number', 'count': 21}]",7.84375,"[{'type': 'number', 'count': 200}]",1,"[{'type': 'number', 'count': 200}]",5e-08,"[{'type': 'number', 'count': 200}]",0.00138092041015625,"[{'type': 'number', 'count': 6}]",True,1.0,"[{'type': 'number', 'count': 6}]",0.0020294189453125,200,[],[],"[1, 5, 11, 41, 49, 51, 53, 55, 71]","[1, 5, 11, 41, 49, 51, 53, 55, 71]","[2, 13, 16, 23, 55]",3.11.12,0.19.11,4.51.3,[5],0.19.11,linux-x86_64,0.19.11,3.11.12,5e-06,2,5,1,16,0.5,gender,16
b7zkte2j,gender_s3_top_intervention,71.749540613,200,1746816000.750585,{'runtime': 71},0.57833331823349,0.3837500214576721,1.5,1.578125,0.981249988079071,0.01875000074505806,0.05029296875,7.125,1,5e-08,0.00084686279296875,0.9937500357627868,0.01324462890625,5e-06,3,5,1,16,0.5,gender,16,UnVuOnYxOmI3emt0ZTJqOmdlbmRlcjpzdGVlcmluZy1maW5ldHVuaW5n,[],b7zkte2j,gender_s3_top_intervention,,finished,,,6776a67f15c230b6797b058a20fefb4f05f56d78,False,2025-05-09T18:38:49Z,2025-05-09T18:40:01Z,gender_s3_top_intervention,,201,5e-06,3,5,1,16,0.5,gender,16,3.91119930653228,52,38,14,655924,672667.0,1410,32.49525451660156,2.375157246426161,210.713,292,1593,1963.62890625,52.67824999999999,32.49525451660156,0.09513762694139132,34.47906494140625,1995000.52734375,29617291264,0,400,0,71.749540613,200,1746816000.750585,71,0.57833331823349,0.3837500214576721,1.5,1.578125,0.981249988079071,0.01875000074505806,0.05029296875,7.125,1,5e-08,0.00084686279296875,0.9937500357627868,0.01324462890625,Caden,caden-juang,"[{'type': 'number', 'count': 201}]",True,71.749540613,"[{'type': 'number', 'count': 201}]",True,200,"[{'type': 'number', 'count': 201}]",True,1746816000.750585,"[{'type': 'number', 'count': 1}]",True,0.57833331823349,"[{'type': 'number', 'count': 1}]",True,0.3837500214576721,"[{'type': 'number', 'count': 1}]",True,1.5,"[{'type': 'number', 'count': 1}]",True,1.578125,"[{'type': 'number', 'count': 8}]","[{'type': 'number', 'count': 8}]","[{'type': 'number', 'count': 8}]","[{'type': 'number', 'count': 8}]","[{'type': 'number', 'count': 8}]","[{'type': 'number', 'count': 8}]","[{'type': 'number', 'count': 8}]","[{'type': 'number', 'count': 8}]","[{'type': 'number', 'count': 8}]","[{'type': 'number', 'count': 8}]","[{'type': 'number', 'count': 8}]","[{'type': 'number', 'count': 8}]","[{'type': 'number', 'count': 8}]","[{'type': 'number', 'count': 8}]","[{'type': 'number', 'count': 8}]","[{'type': 'number', 'count': 8}]","[{'type': 'number', 'count': 8}]","[{'type': 'number', 'count': 8}]","[{'type': 'number', 'count': 8}]","[{'type': 'number', 'count': 8}]","[{'type': 'number', 'count': 8}]","[{'type': 'number', 'count': 8}]","[{'type': 'number', 'count': 21}]",0.981249988079071,"[{'type': 'number', 'count': 21}]",0.01875000074505806,"[{'type': 'number', 'count': 21}]",0.05029296875,"[{'type': 'number', 'count': 21}]",7.125,"[{'type': 'number', 'count': 200}]",1,"[{'type': 'number', 'count': 200}]",5e-08,"[{'type': 'number', 'count': 200}]",0.00084686279296875,"[{'type': 'number', 'count': 6}]",,0.9937500357627868,"[{'type': 'number', 'count': 6}]",0.01324462890625,200,[],[],"[1, 5, 11, 41, 49, 51, 53, 55, 71]","[1, 5, 11, 41, 49, 51, 53, 55, 71]","[2, 13, 16, 23, 55]",3.11.12,0.19.11,4.51.3,[5],0.19.11,linux-x86_64,0.19.11,3.11.12,5e-06,3,5,1,16,0.5,gender,16
c9je6hjk,gender_s4_top_intervention,76.341081434,200,1746816094.067402,{'runtime': 76},0.5333333611488342,0.3525000214576721,1.5859375,1.671875,0.987500011920929,0.012500000186264517,0.0274658203125,6.71875,1,5e-08,0.00069427490234375,1.0,0.0017852783203125,5e-06,4,5,1,16,0.5,gender,16,UnVuOnYxOmM5amU2aGprOmdlbmRlcjpzdGVlcmluZy1maW5ldHVuaW5n,[],c9je6hjk,gender_s4_top_intervention,,finished,,,6776a67f15c230b6797b058a20fefb4f05f56d78,False,2025-05-09T18:40:18Z,2025-05-09T18:41:34Z,gender_s4_top_intervention,,201,5e-06,4,5,1,16,0.5,gender,16,4.373922890414267,27,33,6,612641,723787.0,1155,32.4954719543457,2.375864501432497,67.45,292,1593,1879.7734375,16.8625,32.4954719543457,0.09107483774657936,34.47906494140625,1994737.90625,29617291264,0,400,0,76.341081434,200,1746816094.067402,76,0.5333333611488342,0.3525000214576721,1.5859375,1.671875,0.987500011920929,0.012500000186264517,0.0274658203125,6.71875,1,5e-08,0.00069427490234375,1.0,0.0017852783203125,Caden,caden-juang,"[{'type': 'number', 'count': 201}]",True,76.341081434,"[{'type': 'number', 'count': 201}]",True,200,"[{'type': 'number', 'count': 201}]",True,1746816094.067402,"[{'type': 'number', 'count': 1}]",True,0.5333333611488342,"[{'type': 'number', 'count': 1}]",True,0.3525000214576721,"[{'type': 'number', 'count': 1}]",True,1.5859375,"[{'type': 'number', 'count': 1}]",True,1.671875,"[{'type': 'number', 'count': 10}]","[{'type': 'number', 'count': 10}]","[{'type': 'number', 'count': 10}]","[{'type': 'number', 'count': 10}]","[{'type': 'number', 'count': 10}]","[{'type': 'number', 'count': 10}]","[{'type': 'number', 'count': 10}]","[{'type': 'number', 'count': 10}]","[{'type': 'number', 'count': 10}]","[{'type': 'number', 'count': 10}]","[{'type': 'number', 'count': 10}]","[{'type': 'number', 'count': 10}]","[{'type': 'number', 'count': 10}]","[{'type': 'number', 'count': 10}]","[{'type': 'number', 'count': 10}]","[{'type': 'number', 'count': 10}]","[{'type': 'number', 'count': 10}]","[{'type': 'number', 'count': 10}]","[{'type': 'number', 'count': 10}]","[{'type': 'number', 'count': 10}]","[{'type': 'number', 'count': 10}]","[{'type': 'number', 'count': 10}]","[{'type': 'number', 'count': 21}]",0.987500011920929,"[{'type': 'number', 'count': 21}]",0.012500000186264517,"[{'type': 'number', 'count': 21}]",0.0274658203125,"[{'type': 'number', 'count': 21}]",6.71875,"[{'type': 'number', 'count': 200}]",1,"[{'type': 'number', 'count': 200}]",5e-08,"[{'type': 'number', 'count': 200}]",0.00069427490234375,"[{'type': 'number', 'count': 6}]",True,1.0,"[{'type': 'number', 'count': 6}]",0.0017852783203125,200,[],[],"[1, 5, 11, 41, 49, 51, 53, 55, 71]","[1, 5, 11, 41, 49, 51, 53, 55, 71]","[2, 13, 16, 23, 55]",3.11.12,0.19.11,4.51.3,[5],0.19.11,linux-x86_64,0.19.11,3.11.12,5e-06,4,5,1,16,0.5,gender,16
